,Unnamed: 0,data
0,0,STARTTIME=02.09.2025 16:28.08.533000
1,1,705.0366362414761
2,2,707.036740174076
3,3,709.036844106676
4,4,674.0350252861771
5,5,651.0338300612779
6,6,619.032167139679
7,7,614.0319073081791
8,8,644.0334662971782
9,9,652.0338820275779
10,10,676.0351292187771
11,11,684.0355449491768
12,12,690.0358567469766
13,13,648.033674162378
14,14,632.0328427015786
15,15,618.032115173379
16,16,622.0323230385789
17,17,620.0322191059789
18,18,602.0312837125796
19,19,577.0299845550804
20,20,570.0296207909806
21,21,577.0299845550804
22,22,609.0316474766794
23,23,657.0341418590777
24,24,681.0353890502769
25,25,703.0365323088762
26,26,721.0374677022755
27,27,731.0379873652752
28,28,705.0366362414761
29,29,736.038247196775
30,30,764.039702253174
31,31,767.039858152074
32,32,774.0402219161738
33,33,769.0399620846739
34,34,784.0407415791734
35,35,759.0394424216743
36,36,794.041261242173
37,37,809.0420407366726
38,38,762.0395983205741
39,39,729.0378834326752
40,40,781.0405856802735
41,41,826.042924163772
42,42,839.0435997256716
43,43,833.0432879278717
44,44,802.0416769725728
45,45,807.0419368040726
46,46,801.0416250062729
47,47,785.0407935454733
48,48,807.0419368040726
49,49,825.042872197472
50,50,840.0436516919715
51,51,845.0439115234714
52,52,852.044275287571
53,53,821.0426643322721
54,54,787.0408974780732
55,55,773.0401699498738
56,56,779.0404817476735
57,57,798.0414691073729
58,58,800.0415730399728
59,59,792.0411573095731
60,60,726.0377275337754
61,61,723.0375716348755
62,62,725.0376755674754
63,63,772.0401179835739
64,64,793.0412092758731
65,65,706.036688207776
66,66,677.035181185077
67,67,683.0354929828768
68,68,762.0395983205741
69,69,773.0401699498738
70,70,785.0407935454733
71,71,756.0392865227743
72,72,696.0361685447764
73,73,728.0378314663753
74,74,755.0392345564744
75,75,778.0404297813736
76,76,767.039858152074
77,77,733.0380912978751
78,78,708.036792140376
79,79,728.0378314663753
80,80,760.0394943879742
81,81,753.0391306238745
82,82,751.0390266912746
83,83,775.0402738824737
84,84,785.0407935454733
85,85,775.0402738824737
86,86,766.039806185774
87,87,764.039702253174
88,88,733.0380912978751
89,89,744.0386629271748
90,90,746.0387668597747
91,91,748.0388707923746
92,92,736.038247196775
93,93,696.0361685447764
94,94,716.0372078707757
95,95,699.0363244436763
96,96,659.0342457916777
97,97,641.0333103982782
98,98,618.032115173379
99,99,667.0346615220774
100,100,657.0341418590777
101,101,675.0350772524771
102,102,683.0354929828768
103,103,677.035181185077
104,104,676.0351292187771
105,105,640.0332584319783
106,106,620.0322191059789
107,107,623.0323750048789
108,108,624.0324269711788
109,109,608.0315955103794
110,110,600.0311797799797
111,111,604.0313876451795
112,112,611.0317514092793
113,113,618.032115173379
114,114,585.0304002854801
115,115,557.028945229081
116,116,557.028945229081
117,117,590.03066011698
118,118,612.0318033755792
119,119,663.0344536568775
120,120,692.0359606795765
121,121,717.0372598370757
122,122,707.036740174076
123,123,701.0364283762763
124,124,693.0360126458764
125,125,667.0346615220774
126,126,672.0349213535771
127,127,649.0337261286779
128,128,668.0347134883773
129,129,640.0332584319783
130,130,619.032167139679
131,131,600.0311797799797
132,132,638.0331544993784
133,133,676.0351292187771
134,134,712.0370000055758
135,135,757.0393384890743
136,136,774.0402219161738
137,137,801.0416250062729
138,138,810.0420927029725
139,139,821.0426643322721
140,140,802.0416769725728
141,141,758.0393904553742
142,142,722.0375196685756
143,143,725.0376755674754
144,144,753.0391306238745
145,145,801.0416250062729
146,146,841.0437036582715
147,147,859.0446390516709
148,148,849.0441193886712
149,149,829.0430800626718
150,150,784.0407415791734
151,151,742.0385589945748
152,152,735.038195230475
153,153,736.038247196775
154,154,763.0396502868741
155,155,759.0394424216743
156,156,805.0418328714727
157,157,826.042924163772
158,158,822.0427162985721
159,159,798.0414691073729
160,160,809.0420407366726
161,161,797.041417141073
162,162,784.0407415791734
163,163,825.042872197472
164,164,828.0430280963719
165,165,831.0431839952718
166,166,811.0421446692725
167,167,769.0399620846739
168,168,719.0373637696756
169,169,730.0379353989753
170,170,760.0394943879742
171,171,791.0411053432731
172,172,783.0406896128734
173,173,783.0406896128734
174,174,795.0413132084731
175,175,802.0416769725728
176,176,820.0426123659722
177,177,811.0421446692725
178,178,771.0400660172738
179,179,763.0396502868741
180,180,786.0408455117733
181,181,783.0406896128734
182,182,787.0408974780732
183,183,792.0411573095731
184,184,778.0404297813736
185,185,742.0385589945748
186,186,719.0373637696756
187,187,726.0377275337754
188,188,763.0396502868741
189,189,814.0423005681723
190,190,846.0439634897713
191,191,846.0439634897713
192,192,809.0420407366726
193,193,758.0393904553742
194,194,756.0392865227743
195,195,778.0404297813736
196,196,806.0418848377726
197,197,817.0424564670723
198,198,799.0415210736729
199,199,731.0379873652752
200,200,702.0364803425762
201,201,711.0369480392759
202,202,727.0377795000753
203,203,726.0377275337754
204,204,716.0372078707757
205,205,708.036792140376
206,206,720.0374157359755
207,207,749.0389227586746
208,208,753.0391306238745
209,209,718.0373118033756
210,210,727.0377795000753
211,211,741.0385070282748
212,212,769.0399620846739
213,213,790.0410533769732
214,214,764.039702253174
215,215,765.039754219474
216,216,766.039806185774
217,217,766.039806185774
218,218,771.0400660172738
219,219,742.0385589945748
220,220,730.0379353989753
221,221,723.0375716348755
222,222,750.0389747249745
223,223,775.0402738824737
224,224,803.0417289388728
225,225,800.0415730399728
226,226,763.0396502868741
227,227,720.0374157359755
228,228,744.0386629271748
229,229,748.0388707923746
230,230,770.0400140509739
231,231,769.0399620846739
232,232,781.0405856802735
233,233,750.0389747249745
234,234,736.038247196775
235,235,744.0386629271748
236,236,776.0403258487737
237,237,778.0404297813736
238,238,764.039702253174
239,239,732.0380393315752
240,240,729.0378834326752
241,241,762.0395983205741
242,242,800.0415730399728
243,243,831.0431839952718
244,244,825.042872197472
245,245,800.0415730399728
246,246,764.039702253174
247,247,779.0404817476735
248,248,774.0402219161738
249,249,763.0396502868741
250,250,787.0408974780732
251,251,804.0417809051727
252,252,795.0413132084731
253,253,776.0403258487737
254,254,785.0407935454733
255,255,785.0407935454733
256,256,786.0408455117733
257,257,768.0399101183739
258,258,754.0391825901744
259,259,768.0399101183739
260,260,772.0401179835739
261,261,778.0404297813736
262,262,826.042924163772
263,263,837.0434957930715
264,264,814.0423005681723
265,265,827.0429761300719
266,266,813.0422486018724
267,267,795.0413132084731
268,268,821.0426643322721
269,269,809.0420407366726
270,270,785.0407935454733
271,271,798.0414691073729
272,272,800.0415730399728
273,273,790.0410533769732
274,274,801.0416250062729
275,275,782.0406376465735
276,276,730.0379353989753
277,277,684.0355449491768
278,278,668.0347134883773
279,279,676.0351292187771
280,280,704.0365842751761
281,281,715.0371559044758
282,282,734.0381432641751
283,283,746.0387668597747
284,284,731.0379873652752
285,285,724.0376236011755
286,286,765.039754219474
287,287,769.0399620846739
288,288,769.0399620846739
289,289,746.0387668597747
290,290,746.0387668597747
291,291,757.0393384890743
292,292,767.039858152074
293,293,742.0385589945748
294,294,721.0374677022755
295,295,743.0386109608747
296,296,765.039754219474
297,297,770.0400140509739
298,298,761.0395463542742
299,299,748.0388707923746
300,300,709.036844106676
301,301,728.0378314663753
302,302,746.0387668597747
303,303,751.0390266912746
304,304,745.0387148934748
305,305,723.0375716348755
306,306,703.0365323088762
307,307,725.0376755674754
308,308,746.0387668597747
309,309,762.0395983205741
310,310,783.0406896128734
311,311,743.0386109608747
312,312,720.0374157359755
313,313,735.038195230475
314,314,739.0384030956749
315,315,749.0389227586746
316,316,739.0384030956749
317,317,731.0379873652752
318,318,729.0378834326752
319,319,735.038195230475
320,320,745.0387148934748
321,321,758.0393904553742
322,322,730.0379353989753
323,323,726.0377275337754
324,324,735.038195230475
325,325,748.0388707923746
326,326,771.0400660172738
327,327,754.0391825901744
328,328,736.038247196775
329,329,709.036844106676
330,330,736.038247196775
331,331,744.0386629271748
332,332,728.0378314663753
333,333,716.0372078707757
334,334,694.0360646121765
335,335,680.035337083977
336,336,688.0357528143767
337,337,698.0362724773763
338,338,691.0359087132765
339,339,717.0372598370757
340,340,740.0384550619749
341,341,770.0400140509739
342,342,760.0394943879742
343,343,732.0380393315752
344,344,756.0392865227743
345,345,746.0387668597747
346,346,731.0379873652752
347,347,721.0374677022755
348,348,721.0374677022755
349,349,735.038195230475
350,350,723.0375716348755
351,351,736.038247196775
352,352,788.0409494443733
353,353,806.0418848377726
354,354,796.041365174773
355,355,728.0378314663753
356,356,694.0360646121765
357,357,676.0351292187771
358,358,677.035181185077
359,359,680.035337083977
360,360,684.0355449491768
361,361,693.0360126458764
362,362,691.0359087132765
363,363,682.0354410165769
364,364,652.0338820275779
365,365,655.0340379264778
366,366,666.0346095557774
367,367,702.0364803425762
368,368,703.0365323088762
369,369,684.0355449491768
370,370,667.0346615220774
371,371,650.033778094978
372,372,643.0334143308781
373,373,638.0331544993784
374,374,659.0342457916777
375,375,676.0351292187771
376,376,678.035233151377
377,377,684.0355449491768
378,378,676.0351292187771
379,379,695.0361165784764
380,380,706.036688207776
381,381,721.0374677022755
382,382,718.0373118033756
383,383,685.0355969154767
384,384,684.0355449491768
385,385,667.0346615220774
386,386,676.0351292187771
387,387,723.0375716348755
388,388,739.0384030956749
389,389,734.0381432641751
390,390,733.0380912978751
391,391,728.0378314663753
392,392,704.0365842751761
393,393,676.0351292187771
394,394,671.0348693872772
395,395,699.0363244436763
396,396,722.0375196685756
397,397,708.036792140376
398,398,669.0347654546773
399,399,648.033674162378
400,400,672.0349213535771
401,401,684.0355449491768
402,402,683.0354929828768
403,403,687.0357008480767
404,404,689.0358047806766
405,405,679.035285117677
406,406,681.0353890502769
407,407,707.036740174076
408,408,748.0388707923746
409,409,757.0393384890743
410,410,752.0390786575745
411,411,756.0392865227743
412,412,732.0380393315752
413,413,703.0365323088762
414,414,693.0360126458764
415,415,715.0371559044758
416,416,745.0387148934748
417,417,769.0399620846739
418,418,758.0393904553742
419,419,723.0375716348755
420,420,729.0378834326752
421,421,730.0379353989753
422,422,740.0384550619749
423,423,736.038247196775
424,424,714.0371039381757
425,425,714.0371039381757
426,426,730.0379353989753
427,427,739.0384030956749
428,428,743.0386109608747
429,429,735.038195230475
430,430,706.036688207776
431,431,708.036792140376
432,432,716.0372078707757
433,433,717.0372598370757
434,434,714.0371039381757
435,435,698.0362724773763
436,436,694.0360646121765
437,437,698.0362724773763
438,438,711.0369480392759
439,439,717.0372598370757
440,440,696.0361685447764
441,441,691.0359087132765
442,442,708.036792140376
443,443,721.0374677022755
444,444,723.0375716348755
445,445,716.0372078707757
446,446,709.036844106676
447,447,705.0366362414761
448,448,703.0365323088762
449,449,700.0363764099762
450,450,702.0364803425762
451,451,694.0360646121765
452,452,698.0362724773763
453,453,719.0373637696756
454,454,756.0392865227743
455,455,760.0394943879742
456,456,750.0389747249745
457,457,704.0365842751761
458,458,689.0358047806766
459,459,686.0356488817768
460,460,725.0376755674754
461,461,750.0389747249745
462,462,755.0392345564744
463,463,739.0384030956749
464,464,728.0378314663753
465,465,749.0389227586746
466,466,759.0394424216743
467,467,762.0395983205741
468,468,741.0385070282748
469,469,720.0374157359755
470,470,743.0386109608747
471,471,771.0400660172738
472,472,793.0412092758731
473,473,782.0406376465735
474,474,784.0407415791734
475,475,802.0416769725728
476,476,819.0425603996722
477,477,809.0420407366726
478,478,795.0413132084731
479,479,783.0406896128734
480,480,785.0407935454733
481,481,814.0423005681723
482,482,809.0420407366726
483,483,791.0411053432731
484,484,748.0388707923746
485,485,764.039702253174
486,486,790.0410533769732
487,487,803.0417289388728
488,488,783.0406896128734
489,489,770.0400140509739
490,490,784.0407415791734
491,491,839.0435997256716
492,492,822.0427162985721
493,493,765.039754219474
494,494,759.0394424216743
495,495,750.0389747249745
496,496,752.0390786575745
497,497,714.0371039381757
498,498,698.0362724773763
499,499,712.0370000055758
500,500,736.038247196775
501,501,734.0381432641751
502,502,716.0372078707757
503,503,701.0364283762763
504,504,641.0333103982782
505,505,600.0311797799797
506,506,581.0301924202803
507,507,577.0299845550804
508,508,603.0313356788795
509,509,637.0331025330784
510,510,656.0340898927777
511,511,663.0344536568775
512,512,682.0354410165769
513,513,677.035181185077
514,514,672.0349213535771
515,515,672.0349213535771
516,516,688.0357528143767
517,517,715.0371559044758
518,518,707.036740174076
519,519,706.036688207776
520,520,715.0371559044758
521,521,726.0377275337754
522,522,733.0380912978751
523,523,700.0363764099762
524,524,679.035285117677
525,525,704.0365842751761
526,526,723.0375716348755
527,527,724.0376236011755
528,528,713.0370519718758
529,529,731.0379873652752
530,530,723.0375716348755
531,531,708.036792140376
532,532,681.0353890502769
533,533,681.0353890502769
534,534,702.0364803425762
535,535,718.0373118033756
536,536,735.038195230475
537,537,789.0410014106732
538,538,782.0406376465735
539,539,720.0374157359755
540,540,673.0349733198772
541,541,640.0332584319783
542,542,632.0328427015786
543,543,655.0340379264778
544,544,635.0329986004784
545,545,612.0318033755792
546,546,583.0302963528802
547,547,567.0294648920808
548,548,551.0286334312813
549,549,542.0281657345816
550,550,543.0282177008816
551,551,548.0284775323814
552,552,538.0279578693818
553,553,525.0272823074822
554,554,518.0269185433824
555,555,513.0266587118826
556,556,510.0265028129827
557,557,509.02645084668274
558,558,504.0261910151829
559,559,504.0261910151829
560,560,507.0263469140828
561,561,515.0267626444826
562,562,530.027542138982
563,563,545.0283216334815
564,564,543.0282177008816
565,565,554.0287893301812
566,566,556.0288932627811
567,567,559.0290491616811
568,568,552.0286853975813
569,569,557.028945229081
570,570,556.0288932627811
571,571,555.0288412964811
572,572,562.0292050605809
573,573,566.0294129257808
574,574,565.0293609594809
575,575,581.0301924202803
576,576,588.0305561843801
577,577,596.0309719147798
578,578,596.0309719147798
579,579,596.0309719147798
580,580,576.0299325887804
581,581,558.0289971953811
582,582,548.0284775323814
583,583,551.0286334312813
584,584,572.0297247235806
585,585,595.0309199484798
586,586,586.0304522517802
587,587,614.0319073081791
588,588,639.0332064656783
589,589,673.0349733198772
590,590,689.0358047806766
591,591,696.0361685447764
592,592,684.0355449491768
593,593,644.0334662971782
594,594,633.0328946678785
595,595,642.0333623645782
596,596,641.0333103982782
597,597,630.0327387689787
598,598,591.0307120832799
599,599,587.0305042180801
600,600,607.0315435440795
601,601,615.0319592744792
602,602,662.0344016905775
603,603,685.0355969154767
604,604,714.0371039381757
605,605,748.0388707923746
606,606,733.0380912978751
607,607,715.0371559044758
608,608,698.0362724773763
609,609,689.0358047806766
610,610,699.0363244436763
611,611,699.0363244436763
612,612,689.0358047806766
613,613,680.035337083977
614,614,704.0365842751761
615,615,734.0381432641751
616,616,728.0378314663753
617,617,690.0358567469766
618,618,666.0346095557774
619,619,676.0351292187771
620,620,712.0370000055758
621,621,753.0391306238745
622,622,777.0403778150736
623,623,774.0402219161738
624,624,802.0416769725728
625,625,816.0424045007724
626,626,818.0425084333723
627,627,814.0423005681723
628,628,784.0407415791734
629,629,765.039754219474
630,630,753.0391306238745
631,631,711.0369480392759
632,632,678.035233151377
633,633,677.035181185077
634,634,686.0356488817768
635,635,726.0377275337754
636,636,752.0390786575745
637,637,736.038247196775
638,638,771.0400660172738
639,639,808.0419887703725
640,640,815.0423525344723
641,641,792.0411573095731
642,642,802.0416769725728
643,643,785.0407935454733
644,644,751.0390266912746
645,645,696.0361685447764
646,646,676.0351292187771
647,647,686.0356488817768
648,648,703.0365323088762
649,649,676.0351292187771
650,650,611.0317514092793
651,651,611.0317514092793
652,652,615.0319592744792
653,653,599.0311278136796
654,654,637.0331025330784
655,655,689.0358047806766
656,656,743.0386109608747
657,657,819.0425603996722
658,658,830.0431320289719
659,659,806.0418848377726
660,660,772.0401179835739
661,661,702.0364803425762
662,662,650.033778094978
663,663,645.0335182634781
664,664,686.0356488817768
665,665,730.0379353989753
666,666,750.0389747249745
667,667,789.0410014106732
668,668,798.0414691073729
669,669,797.041417141073
670,670,779.0404817476735
671,671,722.0375196685756
672,672,697.0362205110763
673,673,666.0346095557774
674,674,645.0335182634781
675,675,628.0326348363786
676,676,626.0325309037787
677,677,596.0309719147798
678,678,653.0339339938779
679,679,688.0357528143767
680,680,748.0388707923746
681,681,729.0378834326752
682,682,660.0342977579776
683,683,655.0340379264778
684,684,641.0333103982782
685,685,621.032271072279
686,686,648.033674162378
687,687,679.035285117677
688,688,738.038351129375
689,689,761.0395463542742
690,690,744.0386629271748
691,691,684.0355449491768
692,692,689.0358047806766
693,693,678.035233151377
694,694,684.0355449491768
695,695,713.0370519718758
696,696,702.0364803425762
697,697,740.0384550619749
698,698,767.039858152074
699,699,799.0415210736729
700,700,822.0427162985721
701,701,781.0405856802735
702,702,776.0403258487737
703,703,780.0405337139736
704,704,798.0414691073729
705,705,814.0423005681723
706,706,813.0422486018724
707,707,798.0414691073729
708,708,774.0402219161738
709,709,758.0393904553742
710,710,739.0384030956749
711,711,704.0365842751761
712,712,700.0363764099762
713,713,720.0374157359755
714,714,738.038351129375
715,715,745.0387148934748
716,716,748.0388707923746
717,717,745.0387148934748
718,718,686.0356488817768
719,719,669.0347654546773
720,720,679.035285117677
721,721,722.0375196685756
722,722,781.0405856802735
723,723,777.0403778150736
724,724,789.0410014106732
725,725,816.0424045007724
726,726,835.0433918604716
727,727,827.0429761300719
728,728,833.0432879278717
729,729,827.0429761300719
730,730,849.0441193886712
731,731,855.044431186471
732,732,799.0415210736729
733,733,787.0408974780732
734,734,792.0411573095731
735,735,835.0433918604716
736,736,860.0446910179708
737,737,880.0457303439701
738,738,863.0448469168707
739,739,831.0431839952718
740,740,791.0411053432731
741,741,783.0406896128734
742,742,813.0422486018724
743,743,824.0428202311721
744,744,843.0438075908714
745,745,864.0448988831707
746,746,868.0451067483706
747,747,855.044431186471
748,748,823.042768264872
749,749,826.042924163772
750,750,837.0434957930715
751,751,839.0435997256716
752,752,828.0430280963719
753,753,825.042872197472
754,754,828.0430280963719
755,755,802.0416769725728
756,756,779.0404817476735
757,757,790.0410533769732
758,758,826.042924163772
759,759,888.0461460743699
760,760,875.0454705124703
761,761,868.0451067483706
762,762,890.0462500069698
763,763,878.0456264113702
764,764,865.0449508494706
765,765,853.0443272538711
766,766,810.0420927029725
767,767,741.0385070282748
768,768,695.0361165784764
769,769,626.0325309037787
770,770,600.0311797799797
771,771,626.0325309037787
772,772,677.035181185077
773,773,670.0348174209772
774,774,658.0341938253777
775,775,656.0340898927777
776,776,732.0380393315752
777,777,808.0419887703725
778,778,837.0434957930715
779,779,780.0405337139736
780,780,812.0421966355724
781,781,835.0433918604716
782,782,864.0448988831707
783,783,875.0454705124703
784,784,877.0455744450702
785,785,870.0452106809705
786,786,846.0439634897713
787,787,829.0430800626718
788,788,807.0419368040726
789,789,784.0407415791734
790,790,774.0402219161738
791,791,796.041365174773
792,792,816.0424045007724
793,793,802.0416769725728
794,794,824.0428202311721
795,795,850.0441713549711
796,796,837.0434957930715
797,797,799.0415210736729
798,798,742.0385589945748
799,799,733.0380912978751
800,800,752.0390786575745
801,801,796.041365174773
802,802,825.042872197472
803,803,809.0420407366726
804,804,788.0409494443733
805,805,707.036740174076
806,806,696.0361685447764
807,807,633.0328946678785
808,808,635.0329986004784
809,809,673.0349733198772
810,810,718.0373118033756
811,811,721.0374677022755
812,812,733.0380912978751
813,813,693.0360126458764
814,814,674.0350252861771
815,815,683.0354929828768
816,816,642.0333623645782
817,817,589.03060815068
818,818,575.0298806224805
819,819,598.0310758473797
820,820,617.0320632070791
821,821,647.033622196078
822,822,681.0353890502769
823,823,671.0348693872772
824,824,705.0366362414761
825,825,725.0376755674754
826,826,747.0388188260747
827,827,703.0365323088762
828,828,656.0340898927777
829,829,745.0387148934748
830,830,802.0416769725728
831,831,791.0411053432731
832,832,774.0402219161738
833,833,714.0371039381757
834,834,661.0343497242776
835,835,625.0324789374788
836,836,623.0323750048789
837,837,588.0305561843801
838,838,574.0298286561805
839,839,555.0288412964811
840,840,546.0283735997815
841,841,548.0284775323814
842,842,554.0287893301812
843,843,552.0286853975813
844,844,545.0283216334815
845,845,541.0281137682816
846,846,539.0280098356817
847,847,526.0273342737821
848,848,522.0271264085823
849,849,575.0298806224805
850,850,545.0283216334815
851,851,540.0280618019817
852,852,541.0281137682816
853,853,539.0280098356817
854,854,533.0276980378819
855,855,529.0274901726821
856,856,524.0272303411822
857,857,526.0273342737821
858,858,538.0279578693818
859,859,551.0286334312813
860,860,557.028945229081
861,861,533.0276980378819
862,862,529.0274901726821
863,863,552.0286853975813
864,864,575.0298806224805
865,865,575.0298806224805
866,866,610.0316994429793
867,867,638.0331544993784
868,868,645.0335182634781
869,869,670.0348174209772
870,870,679.035285117677
871,871,688.0357528143767
872,872,655.0340379264778
873,873,613.0318553418792
874,874,617.0320632070791
875,875,633.0328946678785
876,876,666.0346095557774
877,877,706.036688207776
878,878,736.038247196775
879,879,747.0388188260747
880,880,751.0390266912746
881,881,761.0395463542742
882,882,713.0370519718758
883,883,661.0343497242776
884,884,643.0334143308781
885,885,634.0329466341785
886,886,653.0339339938779
887,887,678.035233151377
888,888,688.0357528143767
889,889,707.036740174076
890,890,701.0364283762763
891,891,700.0363764099762
892,892,652.0338820275779
893,893,654.0339859601778
894,894,648.033674162378
895,895,674.0350252861771
896,896,721.0374677022755
897,897,752.0390786575745
898,898,777.0403778150736
899,899,771.0400660172738
900,900,775.0402738824737
901,901,751.0390266912746
902,902,740.0384550619749
903,903,759.0394424216743
904,904,758.0393904553742
905,905,708.036792140376
906,906,724.0376236011755
907,907,672.0349213535771
908,908,675.0350772524771
909,909,652.0338820275779
910,910,604.0313876451795
911,911,570.0296207909806
912,912,552.0286853975813
913,913,550.0285814649814
914,914,541.0281137682816
915,915,542.0281657345816
916,916,542.0281657345816
917,917,542.0281657345816
918,918,532.0276460715819
919,919,524.0272303411822
920,920,516.0268146107825
921,921,513.0266587118826
922,922,506.02629494778284
923,923,500.025983149983
924,924,501.026035116283
925,925,506.02629494778284
926,926,506.02629494778284
927,927,509.02645084668274
928,928,514.0267106781826
929,929,513.0266587118826
930,930,514.0267106781826
931,931,502.026087082583
932,932,498.0258792173831
933,933,504.0261910151829
934,934,514.0267106781826
935,935,522.0271264085823
936,936,557.028945229081
937,937,567.0294648920808
938,938,574.0298286561805
939,939,568.0295168583807
940,940,566.0294129257808
941,941,554.0287893301812
942,942,562.0292050605809
943,943,559.0290491616811
944,944,557.028945229081
945,945,541.0281137682816
946,946,551.0286334312813
947,947,554.0287893301812
948,948,570.0296207909806
949,949,557.028945229081
950,950,554.0287893301812
951,951,553.0287373638812
952,952,567.0294648920808
953,953,582.0302443865803
954,954,593.0308160158799
955,955,600.0311797799797
956,956,577.0299845550804
957,957,559.0290491616811
958,958,553.0287373638812
959,959,560.029101127981
960,960,570.0296207909806
961,961,584.0303483191802
962,962,588.0305561843801
963,963,581.0301924202803
964,964,575.0298806224805
965,965,573.0297766898806
966,966,569.0295688246807
967,967,561.029153094281
968,968,549.0285294986813
969,969,544.0282696671816
970,970,542.0281657345816
971,971,555.0288412964811
972,972,571.0296727572807
973,973,589.03060815068
974,974,602.0312837125796
975,975,588.0305561843801
976,976,586.0304522517802
977,977,588.0305561843801
978,978,599.0311278136796
979,979,617.0320632070791
980,980,629.0326868026787
981,981,623.0323750048789
982,982,620.0322191059789
983,983,607.0315435440795
984,984,602.0312837125796
985,985,600.0311797799797
986,986,580.0301404539803
987,987,580.0301404539803
988,988,581.0301924202803
989,989,585.0304002854801
990,990,597.0310238810797
991,991,622.0323230385789
992,992,640.0332584319783
993,993,643.0334143308781
994,994,637.0331025330784
995,995,621.032271072279
996,996,614.0319073081791
997,997,608.0315955103794
998,998,605.0314396114794
999,999,606.0314915777794
1000,1000,608.0315955103794
1001,1001,608.0315955103794
1002,1002,595.0309199484798
1003,1003,599.0311278136796
1004,1004,602.0312837125796
1005,1005,620.0322191059789
1006,1006,647.033622196078
1007,1007,669.0347654546773
1008,1008,669.0347654546773
1009,1009,661.0343497242776
1010,1010,630.0327387689787
1011,1011,608.0315955103794
1012,1012,597.0310238810797
1013,1013,606.0314915777794
1014,1014,632.0328427015786
1015,1015,644.0334662971782
1016,1016,650.033778094978
1017,1017,627.0325828700787
1018,1018,602.0312837125796
1019,1019,582.0302443865803
1020,1020,571.0296727572807
1021,1021,591.0307120832799
1022,1022,610.0316994429793
1023,1023,636.0330505667785
1024,1024,651.0338300612779
1025,1025,672.0349213535771
1026,1026,677.035181185077
1027,1027,670.0348174209772
1028,1028,635.0329986004784
1029,1029,627.0325828700787
1030,1030,629.0326868026787
1031,1031,628.0326348363786
1032,1032,609.0316474766794
1033,1033,599.0311278136796
1034,1034,596.0309719147798
1035,1035,600.0311797799797
1036,1036,605.0314396114794
1037,1037,610.0316994429793
1038,1038,591.0307120832799
1039,1039,578.0300365213803
1040,1040,559.0290491616811
1041,1041,562.0292050605809
1042,1042,574.0298286561805
1043,1043,596.0309719147798
1044,1044,616.0320112407791
1045,1045,620.0322191059789
1046,1046,616.0320112407791
1047,1047,591.0307120832799
1048,1048,590.03066011698
1049,1049,588.0305561843801
1050,1050,603.0313356788795
1051,1051,616.0320112407791
1052,1052,611.0317514092793
1053,1053,627.0325828700787
1054,1054,656.0340898927777
1055,1055,698.0362724773763
1056,1056,691.0359087132765
1057,1057,655.0340379264778
1058,1058,656.0340898927777
1059,1059,639.0332064656783
1060,1060,631.0327907352786
1061,1061,646.0335702297781
1062,1062,664.0345056231774
1063,1063,673.0349733198772
1064,1064,675.0350772524771
1065,1065,660.0342977579776
1066,1066,649.0337261286779
1067,1067,647.033622196078
1068,1068,663.0344536568775
1069,1069,667.0346615220774
1070,1070,620.0322191059789
1071,1071,596.0309719147798
1072,1072,607.0315435440795
1073,1073,642.0333623645782
1074,1074,669.0347654546773
1075,1075,716.0372078707757
1076,1076,744.0386629271748
1077,1077,752.0390786575745
1078,1078,769.0399620846739
1079,1079,749.0389227586746
1080,1080,746.0387668597747
1081,1081,713.0370519718758
1082,1082,639.0332064656783
1083,1083,607.0315435440795
1084,1084,564.0293089931808
1085,1085,569.0295688246807
1086,1086,602.0312837125796
1087,1087,647.033622196078
1088,1088,680.035337083977
1089,1089,651.0338300612779
1090,1090,592.03076404958
1091,1091,599.0311278136796
1092,1092,598.0310758473797
1093,1093,624.0324269711788
1094,1094,605.0314396114794
1095,1095,679.035285117677
1096,1096,689.0358047806766
1097,1097,703.0365323088762
1098,1098,707.036740174076
1099,1099,717.0372598370757
1100,1100,684.0355449491768
1101,1101,690.0358567469766
1102,1102,690.0358567469766
1103,1103,717.0372598370757
1104,1104,730.0379353989753
1105,1105,741.0385070282748
1106,1106,704.0365842751761
1107,1107,672.0349213535771
1108,1108,659.0342457916777
1109,1109,677.035181185077
1110,1110,682.0354410165769
1111,1111,711.0369480392759
1112,1112,769.0399620846739
1113,1113,777.0403778150736
1114,1114,800.0415730399728
1115,1115,809.0420407366726
1116,1116,791.0411053432731
1117,1117,770.0400140509739
1118,1118,777.0403778150736
1119,1119,784.0407415791734
1120,1120,803.0417289388728
1121,1121,775.0402738824737
1122,1122,755.0392345564744
1123,1123,726.0377275337754
1124,1124,721.0374677022755
1125,1125,753.0391306238745
1126,1126,767.039858152074
1127,1127,754.0391825901744
1128,1128,710.0368960729759
1129,1129,702.0364803425762
1130,1130,695.0361165784764
1131,1131,682.0354410165769
1132,1132,677.035181185077
1133,1133,683.0354929828768
1134,1134,701.0364283762763
1135,1135,748.0388707923746
1136,1136,778.0404297813736
1137,1137,791.0411053432731
1138,1138,774.0402219161738
1139,1139,740.0384550619749
1140,1140,692.0359606795765
1141,1141,654.0339859601778
1142,1142,665.0345575894775
1143,1143,693.0360126458764
1144,1144,688.0357528143767
1145,1145,689.0358047806766
1146,1146,683.0354929828768
1147,1147,652.0338820275779
1148,1148,639.0332064656783
1149,1149,612.0318033755792
1150,1150,583.0302963528802
1151,1151,615.0319592744792
1152,1152,650.033778094978
1153,1153,707.036740174076
1154,1154,715.0371559044758
1155,1155,725.0376755674754
1156,1156,697.0362205110763
1157,1157,703.0365323088762
1158,1158,715.0371559044758
1159,1159,757.0393384890743
1160,1160,782.0406376465735
1161,1161,753.0391306238745
1162,1162,743.0386109608747
1163,1163,726.0377275337754
1164,1164,684.0355449491768
1165,1165,619.032167139679
1166,1166,590.03066011698
1167,1167,587.0305042180801
1168,1168,654.0339859601778
1169,1169,687.0357008480767
1170,1170,665.0345575894775
1171,1171,684.0355449491768
1172,1172,678.035233151377
1173,1173,700.0363764099762
1174,1174,677.035181185077
1175,1175,663.0344536568775
1176,1176,672.0349213535771
1177,1177,686.0356488817768
1178,1178,724.0376236011755
1179,1179,713.0370519718758
1180,1180,699.0363244436763
1181,1181,681.0353890502769
1182,1182,662.0344016905775
1183,1183,679.035285117677
1184,1184,712.0370000055758
1185,1185,737.038299163075
1186,1186,704.0365842751761
1187,1187,715.0371559044758
1188,1188,676.0351292187771
1189,1189,676.0351292187771
1190,1190,686.0356488817768
1191,1191,672.0349213535771
1192,1192,643.0334143308781
1193,1193,643.0334143308781
1194,1194,661.0343497242776
1195,1195,670.0348174209772
1196,1196,677.035181185077
1197,1197,649.0337261286779
1198,1198,625.0324789374788
1199,1199,629.0326868026787
1200,1200,619.032167139679
1201,1201,640.0332584319783
1202,1202,664.0345056231774
1203,1203,677.035181185077
1204,1204,687.0357008480767
1205,1205,700.0363764099762
1206,1206,679.035285117677
1207,1207,648.033674162378
1208,1208,639.0332064656783
1209,1209,656.0340898927777
1210,1210,644.0334662971782
1211,1211,673.0349733198772
1212,1212,676.0351292187771
1213,1213,684.0355449491768
1214,1214,678.035233151377
1215,1215,679.035285117677
1216,1216,663.0344536568775
1217,1217,664.0345056231774
1218,1218,638.0331544993784
1219,1219,625.0324789374788
1220,1220,649.0337261286779
1221,1221,668.0347134883773
1222,1222,697.0362205110763
1223,1223,705.0366362414761
1224,1224,720.0374157359755
1225,1225,706.036688207776
1226,1226,705.0366362414761
1227,1227,698.0362724773763
1228,1228,680.035337083977
1229,1229,678.035233151377
1230,1230,672.0349213535771
1231,1231,687.0357008480767
1232,1232,706.036688207776
1233,1233,694.0360646121765
1234,1234,699.0363244436763
1235,1235,700.0363764099762
1236,1236,716.0372078707757
1237,1237,723.0375716348755
1238,1238,710.0368960729759
1239,1239,717.0372598370757
1240,1240,713.0370519718758
1241,1241,705.0366362414761
1242,1242,689.0358047806766
1243,1243,688.0357528143767
1244,1244,676.0351292187771
1245,1245,671.0348693872772
1246,1246,664.0345056231774
1247,1247,673.0349733198772
1248,1248,702.0364803425762
1249,1249,724.0376236011755
1250,1250,706.036688207776
1251,1251,690.0358567469766
1252,1252,699.0363244436763
1253,1253,716.0372078707757
1254,1254,703.0365323088762
1255,1255,690.0358567469766
1256,1256,691.0359087132765
1257,1257,662.0344016905775
1258,1258,644.0334662971782
1259,1259,637.0331025330784
1260,1260,656.0340898927777
1261,1261,656.0340898927777
1262,1262,662.0344016905775
1263,1263,633.0328946678785
1264,1264,616.0320112407791
1265,1265,605.0314396114794
1266,1266,633.0328946678785
1267,1267,653.0339339938779
1268,1268,670.0348174209772
1269,1269,680.035337083977
1270,1270,680.035337083977
1271,1271,695.0361165784764
1272,1272,715.0371559044758
1273,1273,703.0365323088762
1274,1274,709.036844106676
1275,1275,722.0375196685756
1276,1276,730.0379353989753
1277,1277,701.0364283762763
1278,1278,675.0350772524771
1279,1279,648.033674162378
1280,1280,641.0333103982782
1281,1281,617.0320632070791
1282,1282,579.0300884876804
1283,1283,561.029153094281
1284,1284,572.0297247235806
1285,1285,609.0316474766794
1286,1286,696.0361685447764
1287,1287,757.0393384890743
1288,1288,724.0376236011755
1289,1289,736.038247196775
1290,1290,743.0386109608747
1291,1291,740.0384550619749
1292,1292,715.0371559044758
1293,1293,730.0379353989753
1294,1294,720.0374157359755
1295,1295,700.0363764099762
1296,1296,678.035233151377
1297,1297,688.0357528143767
1298,1298,765.039754219474
1299,1299,811.0421446692725
1300,1300,773.0401699498738
1301,1301,737.038299163075
1302,1302,712.0370000055758
1303,1303,697.0362205110763
1304,1304,697.0362205110763
1305,1305,715.0371559044758
1306,1306,717.0372598370757
1307,1307,715.0371559044758
1308,1308,725.0376755674754
1309,1309,738.038351129375
1310,1310,705.0366362414761
1311,1311,688.0357528143767
1312,1312,661.0343497242776
1313,1313,648.033674162378
1314,1314,624.0324269711788
1315,1315,620.0322191059789
1316,1316,625.0324789374788
1317,1317,646.0335702297781
1318,1318,653.0339339938779
1319,1319,677.035181185077
1320,1320,666.0346095557774
1321,1321,676.0351292187771
1322,1322,669.0347654546773
1323,1323,658.0341938253777
1324,1324,654.0339859601778
1325,1325,642.0333623645782
1326,1326,635.0329986004784
1327,1327,631.0327907352786
1328,1328,630.0327387689787
1329,1329,600.0311797799797
1330,1330,592.03076404958
1331,1331,621.032271072279
1332,1332,637.0331025330784
1333,1333,622.0323230385789
1334,1334,625.0324789374788
1335,1335,642.0333623645782
1336,1336,655.0340379264778
1337,1337,647.033622196078
1338,1338,634.0329466341785
1339,1339,641.0333103982782
1340,1340,650.033778094978
1341,1341,650.033778094978
1342,1342,647.033622196078
1343,1343,657.0341418590777
1344,1344,673.0349733198772
1345,1345,686.0356488817768
1346,1346,666.0346095557774
1347,1347,650.033778094978
1348,1348,656.0340898927777
1349,1349,666.0346095557774
1350,1350,658.0341938253777
1351,1351,656.0340898927777
1352,1352,645.0335182634781
1353,1353,635.0329986004784
1354,1354,632.0328427015786
1355,1355,631.0327907352786
1356,1356,618.032115173379
1357,1357,611.0317514092793
1358,1358,622.0323230385789
1359,1359,621.032271072279
1360,1360,638.0331544993784
1361,1361,639.0332064656783
1362,1362,650.033778094978
1363,1363,659.0342457916777
1364,1364,656.0340898927777
1365,1365,679.035285117677
1366,1366,687.0357008480767
1367,1367,684.0355449491768
1368,1368,676.0351292187771
1369,1369,662.0344016905775
1370,1370,643.0334143308781
1371,1371,631.0327907352786
1372,1372,625.0324789374788
1373,1373,626.0325309037787
1374,1374,630.0327387689787
1375,1375,643.0334143308781
1376,1376,667.0346615220774
1377,1377,682.0354410165769
1378,1378,730.0379353989753
1379,1379,744.0386629271748
1380,1380,757.0393384890743
1381,1381,747.0388188260747
1382,1382,700.0363764099762
1383,1383,672.0349213535771
1384,1384,695.0361165784764
1385,1385,731.0379873652752
1386,1386,799.0415210736729
1387,1387,788.0409494443733
1388,1388,734.0381432641751
1389,1389,727.0377795000753
1390,1390,730.0379353989753
1391,1391,749.0389227586746
1392,1392,742.0385589945748
1393,1393,705.0366362414761
1394,1394,689.0358047806766
1395,1395,660.0342977579776
1396,1396,664.0345056231774
1397,1397,676.0351292187771
1398,1398,706.036688207776
1399,1399,704.0365842751761
1400,1400,709.036844106676
1401,1401,678.035233151377
1402,1402,689.0358047806766
1403,1403,703.0365323088762
1404,1404,718.0373118033756
1405,1405,697.0362205110763
1406,1406,720.0374157359755
1407,1407,697.0362205110763
1408,1408,688.0357528143767
1409,1409,650.033778094978
1410,1410,613.0318553418792
1411,1411,601.0312317462796
1412,1412,601.0312317462796
1413,1413,605.0314396114794
1414,1414,609.0316474766794
1415,1415,617.0320632070791
1416,1416,614.0319073081791
1417,1417,616.0320112407791
1418,1418,620.0322191059789
1419,1419,626.0325309037787
1420,1420,623.0323750048789
1421,1421,643.0334143308781
1422,1422,678.035233151377
1423,1423,666.0346095557774
1424,1424,663.0344536568775
1425,1425,648.033674162378
1426,1426,640.0332584319783
1427,1427,611.0317514092793
1428,1428,606.0314915777794
1429,1429,606.0314915777794
1430,1430,644.0334662971782
1431,1431,656.0340898927777
1432,1432,673.0349733198772
1433,1433,702.0364803425762
1434,1434,664.0345056231774
1435,1435,677.035181185077
1436,1436,675.0350772524771
1437,1437,694.0360646121765
1438,1438,719.0373637696756
1439,1439,734.0381432641751
1440,1440,696.0361685447764
1441,1441,703.0365323088762
1442,1442,736.038247196775
1443,1443,754.0391825901744
1444,1444,757.0393384890743
1445,1445,726.0377275337754
1446,1446,688.0357528143767
1447,1447,642.0333623645782
1448,1448,620.0322191059789
1449,1449,605.0314396114794
1450,1450,618.032115173379
1451,1451,646.0335702297781
1452,1452,673.0349733198772
1453,1453,687.0357008480767
1454,1454,720.0374157359755
1455,1455,741.0385070282748
1456,1456,754.0391825901744
1457,1457,745.0387148934748
1458,1458,767.039858152074
1459,1459,763.0396502868741
1460,1460,760.0394943879742
1461,1461,733.0380912978751
1462,1462,717.0372598370757
1463,1463,704.0365842751761
1464,1464,706.036688207776
1465,1465,716.0372078707757
1466,1466,727.0377795000753
1467,1467,733.0380912978751
1468,1468,702.0364803425762
1469,1469,676.0351292187771
1470,1470,658.0341938253777
1471,1471,611.0317514092793
1472,1472,614.0319073081791
1473,1473,633.0328946678785
1474,1474,652.0338820275779
1475,1475,676.0351292187771
1476,1476,669.0347654546773
1477,1477,682.0354410165769
1478,1478,685.0355969154767
1479,1479,710.0368960729759
1480,1480,745.0387148934748
1481,1481,747.0388188260747
1482,1482,739.0384030956749
1483,1483,717.0372598370757
1484,1484,706.036688207776
1485,1485,696.0361685447764
1486,1486,675.0350772524771
1487,1487,664.0345056231774
1488,1488,656.0340898927777
1489,1489,677.035181185077
1490,1490,714.0371039381757
1491,1491,736.038247196775
1492,1492,747.0388188260747
1493,1493,739.0384030956749
1494,1494,744.0386629271748
1495,1495,745.0387148934748
1496,1496,744.0386629271748
1497,1497,731.0379873652752
1498,1498,744.0386629271748
1499,1499,725.0376755674754
1500,1500,744.0386629271748
1501,1501,769.0399620846739
1502,1502,756.0392865227743
1503,1503,779.0404817476735
1504,1504,770.0400140509739
1505,1505,736.038247196775
1506,1506,732.0380393315752
1507,1507,749.0389227586746
1508,1508,760.0394943879742
1509,1509,745.0387148934748
1510,1510,716.0372078707757
1511,1511,695.0361165784764
1512,1512,693.0360126458764
1513,1513,711.0369480392759
1514,1514,694.0360646121765
1515,1515,665.0345575894775
1516,1516,669.0347654546773
1517,1517,674.0350252861771
1518,1518,695.0361165784764
1519,1519,672.0349213535771
1520,1520,634.0329466341785
1521,1521,614.0319073081791
1522,1522,607.0315435440795
1523,1523,620.0322191059789
1524,1524,630.0327387689787
1525,1525,641.0333103982782
1526,1526,633.0328946678785
1527,1527,638.0331544993784
1528,1528,652.0338820275779
1529,1529,673.0349733198772
1530,1530,693.0360126458764
1531,1531,677.035181185077
1532,1532,677.035181185077
1533,1533,686.0356488817768
1534,1534,696.0361685447764
1535,1535,696.0361685447764
1536,1536,688.0357528143767
1537,1537,692.0359606795765
1538,1538,680.035337083977
1539,1539,673.0349733198772
1540,1540,669.0347654546773
1541,1541,635.0329986004784
1542,1542,642.0333623645782
1543,1543,648.033674162378
1544,1544,687.0357008480767
1545,1545,718.0373118033756
1546,1546,724.0376236011755
1547,1547,729.0378834326752
1548,1548,702.0364803425762
1549,1549,667.0346615220774
1550,1550,650.033778094978
1551,1551,648.033674162378
1552,1552,674.0350252861771
1553,1553,665.0345575894775
1554,1554,666.0346095557774
1555,1555,605.0314396114794
1556,1556,592.03076404958
1557,1557,749.0389227586746
1558,1558,701.0364283762763
1559,1559,662.0344016905775
1560,1560,648.033674162378
1561,1561,628.0326348363786
1562,1562,643.0334143308781
1563,1563,644.0334662971782
1564,1564,675.0350772524771
1565,1565,683.0354929828768
1566,1566,700.0363764099762
1567,1567,682.0354410165769
1568,1568,658.0341938253777
1569,1569,606.0314915777794
1570,1570,588.0305561843801
1571,1571,603.0313356788795
1572,1572,676.0351292187771
1573,1573,720.0374157359755
1574,1574,772.0401179835739
1575,1575,789.0410014106732
1576,1576,814.0423005681723
1577,1577,811.0421446692725
1578,1578,802.0416769725728
1579,1579,775.0402738824737
1580,1580,759.0394424216743
1581,1581,706.036688207776
1582,1582,695.0361165784764
1583,1583,726.0377275337754
1584,1584,785.0407935454733
1585,1585,803.0417289388728
1586,1586,792.0411573095731
1587,1587,726.0377275337754
1588,1588,764.039702253174
1589,1589,727.0377795000753
1590,1590,735.038195230475
1591,1591,810.0420927029725
1592,1592,860.0446910179708
1593,1593,795.0413132084731
1594,1594,732.0380393315752
1595,1595,686.0356488817768
1596,1596,677.035181185077
1597,1597,766.039806185774
1598,1598,832.0432359615718
1599,1599,873.0453665798703
1600,1600,890.0462500069698
1601,1601,862.0447949505708
1602,1602,810.0420927029725
1603,1603,773.0401699498738
1604,1604,788.0409494443733
1605,1605,774.0402219161738
1606,1606,713.0370519718758
1607,1607,710.0368960729759
1608,1608,739.0384030956749
1609,1609,747.0388188260747
1610,1610,772.0401179835739
1611,1611,796.041365174773
1612,1612,734.0381432641751
1613,1613,695.0361165784764
1614,1614,636.0330505667785
1615,1615,639.0332064656783
1616,1616,674.0350252861771
1617,1617,713.0370519718758
1618,1618,670.0348174209772
1619,1619,641.0333103982782
1620,1620,627.0325828700787
1621,1621,639.0332064656783
1622,1622,698.0362724773763
1623,1623,759.0394424216743
1624,1624,803.0417289388728
1625,1625,807.0419368040726
1626,1626,781.0405856802735
1627,1627,795.0413132084731
1628,1628,801.0416250062729
1629,1629,808.0419887703725
1630,1630,815.0423525344723
1631,1631,806.0418848377726
1632,1632,808.0419887703725
1633,1633,798.0414691073729
1634,1634,745.0387148934748
1635,1635,759.0394424216743
1636,1636,758.0393904553742
1637,1637,819.0425603996722
1638,1638,816.0424045007724
1639,1639,853.0443272538711
1640,1640,849.0441193886712
1641,1641,814.0423005681723
1642,1642,831.0431839952718
1643,1643,861.0447429842708
1644,1644,816.0424045007724
1645,1645,818.0425084333723
1646,1646,794.041261242173
1647,1647,818.0425084333723
1648,1648,834.0433398941717
1649,1649,844.0438595571713
1650,1650,817.0424564670723
1651,1651,769.0399620846739
1652,1652,701.0364283762763
1653,1653,650.033778094978
1654,1654,622.0323230385789
1655,1655,643.0334143308781
1656,1656,624.0324269711788
1657,1657,655.0340379264778
1658,1658,653.0339339938779
1659,1659,651.0338300612779
1660,1660,676.0351292187771
1661,1661,650.033778094978
1662,1662,702.0364803425762
1663,1663,716.0372078707757
1664,1664,698.0362724773763
1665,1665,747.0388188260747
1666,1666,783.0406896128734
1667,1667,780.0405337139736
1668,1668,734.0381432641751
1669,1669,714.0371039381757
1670,1670,701.0364283762763
1671,1671,668.0347134883773
1672,1672,627.0325828700787
1673,1673,625.0324789374788
1674,1674,635.0329986004784
1675,1675,675.0350772524771
1676,1676,764.039702253174
1677,1677,756.0392865227743
1678,1678,770.0400140509739
1679,1679,771.0400660172738
1680,1680,793.0412092758731
1681,1681,771.0400660172738
1682,1682,721.0374677022755
1683,1683,741.0385070282748
1684,1684,754.0391825901744
1685,1685,785.0407935454733
1686,1686,777.0403778150736
1687,1687,781.0405856802735
1688,1688,795.0413132084731
1689,1689,813.0422486018724
1690,1690,836.0434438267716
1691,1691,804.0417809051727
1692,1692,792.0411573095731
1693,1693,798.0414691073729
1694,1694,821.0426643322721
1695,1695,808.0419887703725
1696,1696,820.0426123659722
1697,1697,797.041417141073
1698,1698,736.038247196775
1699,1699,739.0384030956749
1700,1700,781.0405856802735
1701,1701,764.039702253174
1702,1702,799.0415210736729
1703,1703,801.0416250062729
1704,1704,787.0408974780732
1705,1705,775.0402738824737
1706,1706,727.0377795000753
1707,1707,723.0375716348755
1708,1708,720.0374157359755
1709,1709,746.0387668597747
1710,1710,746.0387668597747
1711,1711,761.0395463542742
1712,1712,747.0388188260747
1713,1713,701.0364283762763
1714,1714,706.036688207776
1715,1715,735.038195230475
1716,1716,788.0409494443733
1717,1717,775.0402738824737
1718,1718,789.0410014106732
1719,1719,801.0416250062729
1720,1720,796.041365174773
1721,1721,762.0395983205741
1722,1722,713.0370519718758
1723,1723,709.036844106676
1724,1724,730.0379353989753
1725,1725,735.038195230475
1726,1726,784.0407415791734
1727,1727,821.0426643322721
1728,1728,820.0426123659722
1729,1729,789.0410014106732
1730,1730,774.0402219161738
1731,1731,749.0389227586746
1732,1732,694.0360646121765
1733,1733,633.0328946678785
1734,1734,608.0315955103794
1735,1735,645.0335182634781
1736,1736,677.035181185077
1737,1737,687.0357008480767
1738,1738,771.0400660172738
1739,1739,842.0437556245714
1740,1740,875.0454705124703
1741,1741,838.0435477593716
1742,1742,793.0412092758731
1743,1743,806.0418848377726
1744,1744,846.0439634897713
1745,1745,855.044431186471
1746,1746,848.0440674223712
1747,1747,876.0455224787703
1748,1748,893.0464059058697
1749,1749,901.0468216362694
1750,1750,860.0446910179708
1751,1751,813.0422486018724
1752,1752,863.0448469168707
1753,1753,893.0464059058697
1754,1754,883.04588624287
1755,1755,862.0447949505708
1756,1756,898.0466657373695
1757,1757,919.0477570296688
1758,1758,833.0432879278717
1759,1759,789.0410014106732
1760,1760,825.042872197472
1761,1761,884.04593820917
1762,1762,839.0435997256716
1763,1763,876.0455224787703
1764,1764,901.0468216362694
1765,1765,871.0452626472704
1766,1766,837.0434957930715
1767,1767,843.0438075908714
1768,1768,848.0440674223712
1769,1769,833.0432879278717
1770,1770,858.0445870853708
1771,1771,886.0460421417699
1772,1772,893.0464059058697
1773,1773,858.0445870853708
1774,1774,879.0456783776701
1775,1775,876.0455224787703
1776,1776,882.0458342765701
1777,1777,813.0422486018724
1778,1778,804.0417809051727
1779,1779,806.0418848377726
1780,1780,834.0433398941717
1781,1781,767.039858152074
1782,1782,721.0374677022755
1783,1783,712.0370000055758
1784,1784,755.0392345564744
1785,1785,834.0433398941717
1786,1786,851.0442233212711
1787,1787,878.0456264113702
1788,1788,872.0453146135704
1789,1789,874.0454185461704
1790,1790,893.0464059058697
1791,1791,884.04593820917
1792,1792,876.0455224787703
1793,1793,797.041417141073
1794,1794,787.0408974780732
1795,1795,791.0411053432731
1796,1796,781.0405856802735
1797,1797,783.0406896128734
1798,1798,802.0416769725728
1799,1799,802.0416769725728
1800,1800,831.0431839952718
1801,1801,845.0439115234714
1802,1802,834.0433398941717
1803,1803,858.0445870853708
1804,1804,859.0446390516709
1805,1805,866.0450028157707
1806,1806,866.0450028157707
1807,1807,822.0427162985721
1808,1808,777.0403778150736
1809,1809,700.0363764099762
1810,1810,636.0330505667785
1811,1811,607.0315435440795
1812,1812,643.0334143308781
1813,1813,702.0364803425762
1814,1814,730.0379353989753
1815,1815,762.0395983205741
1816,1816,822.0427162985721
1817,1817,820.0426123659722
1818,1818,753.0391306238745
1819,1819,750.0389747249745
1820,1820,796.041365174773
1821,1821,813.0422486018724
1822,1822,831.0431839952718
1823,1823,788.0409494443733
1824,1824,822.0427162985721
1825,1825,839.0435997256716
1826,1826,828.0430280963719
1827,1827,746.0387668597747
1828,1828,740.0384550619749
1829,1829,769.0399620846739
1830,1830,850.0441713549711
1831,1831,894.0464578721696
1832,1832,903.0469255688694
1833,1833,897.0466137710696
1834,1834,881.04578231027
1835,1835,859.0446390516709
1836,1836,806.0418848377726
1837,1837,723.0375716348755
1838,1838,662.0344016905775
1839,1839,631.0327907352786
1840,1840,614.0319073081791
1841,1841,711.0369480392759
1842,1842,833.0432879278717
1843,1843,858.0445870853708
1844,1844,803.0417289388728
1845,1845,858.0445870853708
1846,1846,892.0463539395697
1847,1847,910.0472893329692
1848,1848,913.047445231869
1849,1849,867.0450547820706
1850,1850,814.0423005681723
1851,1851,788.0409494443733
1852,1852,766.039806185774
1853,1853,738.038351129375
1854,1854,738.038351129375
1855,1855,781.0405856802735
1856,1856,865.0449508494706
1857,1857,887.04609410807
1858,1858,922.0479129285687
1859,1859,922.0479129285687
1860,1860,931.0483806252685
1861,1861,903.0469255688694
1862,1862,856.0444831527709
1863,1863,867.0450547820706
1864,1864,846.0439634897713
1865,1865,821.0426643322721
1866,1866,777.0403778150736
1867,1867,746.0387668597747
1868,1868,717.0372598370757
1869,1869,794.041261242173
1870,1870,865.0449508494706
1871,1871,941.0489002882681
1872,1872,950.0493679849677
1873,1873,958.0497837153675
1874,1874,959.0498356816674
1875,1875,926.0481207937686
1876,1876,901.0468216362694
1877,1877,891.0463019732698
1878,1878,842.0437556245714
1879,1879,812.0421966355724
1880,1880,748.0388707923746
1881,1881,756.0392865227743
1882,1882,764.039702253174
1883,1883,780.0405337139736
1884,1884,780.0405337139736
1885,1885,830.0431320289719
1886,1886,874.0454185461704
1887,1887,902.0468736025693
1888,1888,896.0465618047696
1889,1889,849.0441193886712
1890,1890,774.0402219161738
1891,1891,796.041365174773
1892,1892,856.0444831527709
1893,1893,901.0468216362694
1894,1894,904.0469775351693
1895,1895,853.0443272538711
1896,1896,886.0460421417699
1897,1897,895.0465098384697
1898,1898,864.0448988831707
1899,1899,886.0460421417699
1900,1900,906.0470814677692
1901,1901,880.0457303439701
1902,1902,817.0424564670723
1903,1903,820.0426123659722
1904,1904,806.0418848377726
1905,1905,797.041417141073
1906,1906,746.0387668597747
1907,1907,808.0419887703725
1908,1908,851.0442233212711
1909,1909,852.044275287571
1910,1910,852.044275287571
1911,1911,868.0451067483706
1912,1912,895.0465098384697
1913,1913,862.0447949505708
1914,1914,848.0440674223712
1915,1915,864.0448988831707
1916,1916,837.0434957930715
1917,1917,806.0418848377726
1918,1918,736.038247196775
1919,1919,710.0368960729759
1920,1920,647.033622196078
1921,1921,665.0345575894775
1922,1922,684.0355449491768
1923,1923,735.038195230475
1924,1924,735.038195230475
1925,1925,773.0401699498738
1926,1926,766.039806185774
1927,1927,769.0399620846739
1928,1928,786.0408455117733
1929,1929,778.0404297813736
1930,1930,802.0416769725728
1931,1931,823.042768264872
1932,1932,844.0438595571713
1933,1933,855.044431186471
1934,1934,844.0438595571713
1935,1935,807.0419368040726
1936,1936,819.0425603996722
1937,1937,803.0417289388728
1938,1938,803.0417289388728
1939,1939,822.0427162985721
1940,1940,827.0429761300719
1941,1941,831.0431839952718
1942,1942,794.041261242173
1943,1943,804.0417809051727
1944,1944,791.0411053432731
1945,1945,745.0387148934748
1946,1946,800.0415730399728
1947,1947,823.042768264872
1948,1948,845.0439115234714
1949,1949,871.0452626472704
1950,1950,857.0445351190709
1951,1951,886.0460421417699
1952,1952,844.0438595571713
1953,1953,845.0439115234714
1954,1954,864.0448988831707
1955,1955,880.0457303439701
1956,1956,855.044431186471
1957,1957,886.0460421417699
1958,1958,878.0456264113702
1959,1959,899.0467177036695
1960,1960,925.0480688274686
1961,1961,899.0467177036695
1962,1962,816.0424045007724
1963,1963,772.0401179835739
1964,1964,735.038195230475
1965,1965,701.0364283762763
1966,1966,683.0354929828768
1967,1967,729.0378834326752
1968,1968,779.0404817476735
1969,1969,778.0404297813736
1970,1970,844.0438595571713
1971,1971,894.0464578721696
1972,1972,871.0452626472704
1973,1973,828.0430280963719
1974,1974,863.0448469168707
1975,1975,894.0464578721696
1976,1976,877.0455744450702
1977,1977,856.0444831527709
1978,1978,865.0449508494706
1979,1979,894.0464578721696
1980,1980,859.0446390516709
1981,1981,881.04578231027
1982,1982,865.0449508494706
1983,1983,861.0447429842708
1984,1984,836.0434438267716
1985,1985,862.0447949505708
1986,1986,845.0439115234714
1987,1987,867.0450547820706
1988,1988,842.0437556245714
1989,1989,765.039754219474
1990,1990,750.0389747249745
1991,1991,839.0435997256716
1992,1992,895.0465098384697
1993,1993,867.0450547820706
1994,1994,883.04588624287
1995,1995,899.0467177036695
1996,1996,923.0479648948686
1997,1997,923.0479648948686
1998,1998,924.0480168611687
1999,1999,845.0439115234714
2000,2000,718.0373118033756
2001,2001,685.0355969154767
2002,2002,697.0362205110763
2003,2003,775.0402738824737
2004,2004,867.0450547820706
2005,2005,883.04588624287
2006,2006,880.0457303439701
2007,2007,866.0450028157707
2008,2008,848.0440674223712
2009,2009,826.042924163772
2010,2010,775.0402738824737
2011,2011,763.0396502868741
2012,2012,785.0407935454733
2013,2013,812.0421966355724
2014,2014,893.0464059058697
2015,2015,911.0473412992691
2016,2016,813.0422486018724
2017,2017,753.0391306238745
2018,2018,715.0371559044758
2019,2019,719.0373637696756
2020,2020,736.038247196775
2021,2021,733.0380912978751
2022,2022,753.0391306238745
2023,2023,841.0437036582715
2024,2024,843.0438075908714
2025,2025,866.0450028157707
2026,2026,857.0445351190709
2027,2027,853.0443272538711
2028,2028,841.0437036582715
2029,2029,849.0441193886712
2030,2030,841.0437036582715
2031,2031,855.044431186471
2032,2032,861.0447429842708
2033,2033,873.0453665798703
2034,2034,873.0453665798703
2035,2035,879.0456783776701
2036,2036,860.0446910179708
2037,2037,832.0432359615718
2038,2038,827.0429761300719
2039,2039,806.0418848377726
2040,2040,774.0402219161738
2041,2041,725.0376755674754
2042,2042,717.0372598370757
2043,2043,700.0363764099762
2044,2044,684.0355449491768
2045,2045,646.0335702297781
2046,2046,632.0328427015786
2047,2047,674.0350252861771
2048,2048,723.0375716348755
2049,2049,732.0380393315752
2050,2050,734.0381432641751
2051,2051,724.0376236011755
2052,2052,722.0375196685756
2053,2053,733.0380912978751
2054,2054,795.0413132084731
2055,2055,816.0424045007724
2056,2056,864.0448988831707
2057,2057,850.0441713549711
2058,2058,808.0419887703725
2059,2059,785.0407935454733
2060,2060,795.0413132084731
2061,2061,761.0395463542742
2062,2062,754.0391825901744
2063,2063,768.0399101183739
2064,2064,751.0390266912746
2065,2065,736.038247196775
2066,2066,740.0384550619749
2067,2067,730.0379353989753
2068,2068,723.0375716348755
2069,2069,734.0381432641751
2070,2070,752.0390786575745
2071,2071,751.0390266912746
2072,2072,739.0384030956749
2073,2073,731.0379873652752
2074,2074,695.0361165784764
2075,2075,663.0344536568775
2076,2076,627.0325828700787
2077,2077,646.0335702297781
2078,2078,735.038195230475
2079,2079,769.0399620846739
2080,2080,811.0421446692725
2081,2081,828.0430280963719
2082,2082,790.0410533769732
2083,2083,768.0399101183739
2084,2084,789.0410014106732
2085,2085,840.0436516919715
2086,2086,805.0418328714727
2087,2087,776.0403258487737
2088,2088,687.0357008480767
2089,2089,664.0345056231774
2090,2090,703.0365323088762
2091,2091,715.0371559044758
2092,2092,751.0390266912746
2093,2093,801.0416250062729
2094,2094,835.0433918604716
2095,2095,785.0407935454733
2096,2096,758.0393904553742
2097,2097,769.0399620846739
2098,2098,805.0418328714727
2099,2099,811.0421446692725
2100,2100,769.0399620846739
2101,2101,776.0403258487737
2102,2102,761.0395463542742
2103,2103,804.0417809051727
2104,2104,805.0418328714727
2105,2105,824.0428202311721
2106,2106,849.0441193886712
2107,2107,864.0448988831707
2108,2108,835.0433918604716
2109,2109,757.0393384890743
2110,2110,748.0388707923746
2111,2111,764.039702253174
2112,2112,748.0388707923746
2113,2113,776.0403258487737
2114,2114,751.0390266912746
2115,2115,770.0400140509739
2116,2116,807.0419368040726
2117,2117,786.0408455117733
2118,2118,780.0405337139736
2119,2119,768.0399101183739
2120,2120,742.0385589945748
2121,2121,727.0377795000753
2122,2122,729.0378834326752
2123,2123,770.0400140509739
2124,2124,807.0419368040726
2125,2125,805.0418328714727
2126,2126,790.0410533769732
2127,2127,812.0421966355724
2128,2128,817.0424564670723
2129,2129,811.0421446692725
2130,2130,786.0408455117733
2131,2131,733.0380912978751
2132,2132,720.0374157359755
2133,2133,703.0365323088762
2134,2134,691.0359087132765
2135,2135,727.0377795000753
2136,2136,774.0402219161738
2137,2137,823.042768264872
2138,2138,824.0428202311721
2139,2139,812.0421966355724
2140,2140,734.0381432641751
2141,2141,679.035285117677
2142,2142,670.0348174209772
2143,2143,738.038351129375
2144,2144,715.0371559044758
2145,2145,657.0341418590777
2146,2146,664.0345056231774
2147,2147,672.0349213535771
2148,2148,684.0355449491768
2149,2149,743.0386109608747
2150,2150,767.039858152074
2151,2151,790.0410533769732
2152,2152,846.0439634897713
2153,2153,877.0455744450702
2154,2154,853.0443272538711
2155,2155,838.0435477593716
2156,2156,780.0405337139736
2157,2157,763.0396502868741
2158,2158,707.036740174076
2159,2159,731.0379873652752
2160,2160,772.0401179835739
2161,2161,797.041417141073
2162,2162,846.0439634897713
2163,2163,850.0441713549711
2164,2164,858.0445870853708
2165,2165,807.0419368040726
2166,2166,744.0386629271748
2167,2167,717.0372598370757
2168,2168,730.0379353989753
2169,2169,769.0399620846739
2170,2170,866.0450028157707
2171,2171,874.0454185461704
2172,2172,835.0433918604716
2173,2173,790.0410533769732
2174,2174,711.0369480392759
2175,2175,687.0357008480767
2176,2176,688.0357528143767
2177,2177,665.0345575894775
2178,2178,648.033674162378
2179,2179,713.0370519718758
2180,2180,754.0391825901744
2181,2181,794.041261242173
2182,2182,809.0420407366726
2183,2183,820.0426123659722
2184,2184,815.0423525344723
2185,2185,815.0423525344723
2186,2186,837.0434957930715
2187,2187,795.0413132084731
2188,2188,784.0407415791734
2189,2189,775.0402738824737
2190,2190,773.0401699498738
2191,2191,744.0386629271748
2192,2192,716.0372078707757
2193,2193,717.0372598370757
2194,2194,708.036792140376
2195,2195,714.0371039381757
2196,2196,690.0358567469766
2197,2197,771.0400660172738
2198,2198,850.0441713549711
2199,2199,861.0447429842708
2200,2200,851.0442233212711
2201,2201,844.0438595571713
2202,2202,844.0438595571713
2203,2203,831.0431839952718
2204,2204,848.0440674223712
2205,2205,732.0380393315752
2206,2206,705.0366362414761
2207,2207,705.0366362414761
2208,2208,717.0372598370757
2209,2209,729.0378834326752
2210,2210,710.0368960729759
2211,2211,687.0357008480767
2212,2212,659.0342457916777
2213,2213,664.0345056231774
2214,2214,696.0361685447764
2215,2215,753.0391306238745
2216,2216,762.0395983205741
2217,2217,712.0370000055758
2218,2218,689.0358047806766
2219,2219,635.0329986004784
2220,2220,607.0315435440795
2221,2221,587.0305042180801
2222,2222,581.0301924202803
2223,2223,580.0301404539803
2224,2224,577.0299845550804
2225,2225,581.0301924202803
2226,2226,550.0285814649814
2227,2227,559.0290491616811
2228,2228,614.0319073081791
2229,2229,628.0326348363786
2230,2230,620.0322191059789
2231,2231,629.0326868026787
2232,2232,633.0328946678785
2233,2233,632.0328427015786
2234,2234,662.0344016905775
2235,2235,695.0361165784764
2236,2236,703.0365323088762
2237,2237,679.035285117677
2238,2238,661.0343497242776
2239,2239,638.0331544993784
2240,2240,655.0340379264778
2241,2241,670.0348174209772
2242,2242,706.036688207776
2243,2243,774.0402219161738
2244,2244,826.042924163772
2245,2245,792.0411573095731
2246,2246,811.0421446692725
2247,2247,801.0416250062729
2248,2248,812.0421966355724
2249,2249,816.0424045007724
2250,2250,813.0422486018724
2251,2251,809.0420407366726
2252,2252,819.0425603996722
2253,2253,823.042768264872
2254,2254,821.0426643322721
2255,2255,826.042924163772
2256,2256,811.0421446692725
2257,2257,806.0418848377726
2258,2258,816.0424045007724
2259,2259,825.042872197472
2260,2260,827.0429761300719
2261,2261,837.0434957930715
2262,2262,839.0435997256716
2263,2263,803.0417289388728
2264,2264,768.0399101183739
2265,2265,766.039806185774
2266,2266,813.0422486018724
2267,2267,840.0436516919715
2268,2268,813.0422486018724
2269,2269,736.038247196775
2270,2270,741.0385070282748
2271,2271,750.0389747249745
2272,2272,759.0394424216743
2273,2273,774.0402219161738
2274,2274,755.0392345564744
2275,2275,732.0380393315752
2276,2276,672.0349213535771
2277,2277,651.0338300612779
2278,2278,629.0326868026787
2279,2279,623.0323750048789
2280,2280,708.036792140376
2281,2281,800.0415730399728
2282,2282,754.0391825901744
2283,2283,821.0426643322721
2284,2284,800.0415730399728
2285,2285,799.0415210736729
2286,2286,783.0406896128734
2287,2287,765.039754219474
2288,2288,746.0387668597747
2289,2289,760.0394943879742
2290,2290,777.0403778150736
2291,2291,804.0417809051727
2292,2292,821.0426643322721
2293,2293,824.0428202311721
2294,2294,787.0408974780732
2295,2295,719.0373637696756
2296,2296,707.036740174076
2297,2297,746.0387668597747
2298,2298,789.0410014106732
2299,2299,809.0420407366726
2300,2300,815.0423525344723
2301,2301,796.041365174773
2302,2302,713.0370519718758
2303,2303,664.0345056231774
2304,2304,632.0328427015786
2305,2305,692.0359606795765
2306,2306,782.0406376465735
2307,2307,767.039858152074
2308,2308,746.0387668597747
2309,2309,696.0361685447764
2310,2310,680.035337083977
2311,2311,676.0351292187771
2312,2312,641.0333103982782
2313,2313,637.0331025330784
2314,2314,628.0326348363786
2315,2315,629.0326868026787
2316,2316,639.0332064656783
2317,2317,650.033778094978
2318,2318,653.0339339938779
2319,2319,622.0323230385789
2320,2320,615.0319592744792
2321,2321,590.03066011698
2322,2322,599.0311278136796
2323,2323,605.0314396114794
2324,2324,628.0326348363786
2325,2325,652.0338820275779
2326,2326,656.0340898927777
2327,2327,656.0340898927777
2328,2328,662.0344016905775
2329,2329,672.0349213535771
2330,2330,688.0357528143767
2331,2331,687.0357008480767
2332,2332,737.038299163075
2333,2333,777.0403778150736
2334,2334,769.0399620846739
2335,2335,691.0359087132765
2336,2336,684.0355449491768
2337,2337,692.0359606795765
2338,2338,712.0370000055758
2339,2339,652.0338820275779
2340,2340,639.0332064656783
2341,2341,628.0326348363786
2342,2342,754.5392085733243
2343,2343,881.04578231027
2344,2344,877.0455744450702
2345,2345,876.0455224787703
2346,2346,878.0456264113702
2347,2347,870.0452106809705
2348,2348,870.0452106809705
2349,2349,886.0460421417699
2350,2350,889.0461980406699
2351,2351,866.0450028157707
2352,2352,799.0415210736729
2353,2353,677.035181185077
2354,2354,635.0329986004784
2355,2355,592.03076404958
2356,2356,579.0300884876804
2357,2357,578.0300365213803
2358,2358,587.0305042180801
2359,2359,597.0310238810797
2360,2360,613.0318553418792
2361,2361,623.0323750048789
2362,2362,631.0327907352786
2363,2363,637.0331025330784
2364,2364,634.0329466341785
2365,2365,639.0332064656783
2366,2366,633.0328946678785
2367,2367,624.0324269711788
2368,2368,610.0316994429793
2369,2369,606.0314915777794
2370,2370,613.0318553418792
2371,2371,647.033622196078
2372,2372,636.0330505667785
2373,2373,675.0350772524771
2374,2374,730.0379353989753
2375,2375,712.0370000055758
2376,2376,742.0385589945748
2377,2377,779.0404817476735
2378,2378,758.0393904553742
2379,2379,771.0400660172738
2380,2380,751.0390266912746
2381,2381,768.0399101183739
2382,2382,798.0414691073729
2383,2383,783.0406896128734
2384,2384,735.038195230475
2385,2385,689.0358047806766
2386,2386,699.0363244436763
2387,2387,730.0379353989753
2388,2388,758.0393904553742
2389,2389,677.035181185077
2390,2390,644.0334662971782
2391,2391,587.0305042180801
2392,2392,591.0307120832799
2393,2393,631.0327907352786
2394,2394,707.036740174076
2395,2395,696.0361685447764
2396,2396,675.0350772524771
2397,2397,667.0346615220774
2398,2398,635.0329986004784
2399,2399,586.0304522517802
2400,2400,564.0293089931808
2401,2401,546.0283735997815
2402,2402,541.0281137682816
2403,2403,529.0274901726821
2404,2404,535.0278019704818
2405,2405,536.0278539367819
2406,2406,542.0281657345816
2407,2407,535.0278019704818
2408,2408,544.0282696671816
2409,2409,550.0285814649814
2410,2410,564.0293089931808
2411,2411,576.0299325887804
2412,2412,572.0297247235806
2413,2413,582.0302443865803
2414,2414,584.0303483191802
2415,2415,605.0314396114794
2416,2416,617.0320632070791
2417,2417,604.0313876451795
2418,2418,593.0308160158799
2419,2419,573.0297766898806
2420,2420,576.0299325887804
2421,2421,591.0307120832799
2422,2422,588.0305561843801
2423,2423,616.0320112407791
2424,2424,569.0295688246807
2425,2425,542.0281657345816
2426,2426,548.0284775323814
2427,2427,579.0300884876804
2428,2428,647.033622196078
2429,2429,647.033622196078
2430,2430,654.0339859601778
2431,2431,645.0335182634781
2432,2432,642.0333623645782
2433,2433,664.0345056231774
2434,2434,675.0350772524771
2435,2435,671.0348693872772
2436,2436,683.0354929828768
2437,2437,702.0364803425762
2438,2438,696.0361685447764
2439,2439,677.035181185077
2440,2440,692.0359606795765
2441,2441,695.0361165784764
2442,2442,678.035233151377
2443,2443,670.0348174209772
2444,2444,687.0357008480767
2445,2445,703.0365323088762
2446,2446,697.0362205110763
2447,2447,708.036792140376
2448,2448,723.0375716348755
2449,2449,753.0391306238745
2450,2450,770.0400140509739
2451,2451,781.0405856802735
2452,2452,771.0400660172738
2453,2453,687.0357008480767
2454,2454,695.0361165784764
2455,2455,678.035233151377
2456,2456,688.0357528143767
2457,2457,689.0358047806766
2458,2458,700.0363764099762
2459,2459,697.0362205110763
2460,2460,720.0374157359755
2461,2461,703.0365323088762
2462,2462,666.0346095557774
2463,2463,735.038195230475
2464,2464,765.039754219474
2465,2465,780.0405337139736
2466,2466,788.0409494443733
2467,2467,779.0404817476735
2468,2468,754.0391825901744
2469,2469,729.0378834326752
2470,2470,675.0350772524771
2471,2471,635.0329986004784
2472,2472,629.0326868026787
2473,2473,641.0333103982782
2474,2474,668.0347134883773
2475,2475,678.035233151377
2476,2476,728.0378314663753
2477,2477,749.0389227586746
2478,2478,765.039754219474
2479,2479,764.039702253174
2480,2480,720.0374157359755
2481,2481,719.0373637696756
2482,2482,725.0376755674754
2483,2483,750.0389747249745
2484,2484,770.0400140509739
2485,2485,755.0392345564744
2486,2486,732.0380393315752
2487,2487,709.036844106676
2488,2488,645.0335182634781
2489,2489,640.0332584319783
2490,2490,657.0341418590777
2491,2491,693.0360126458764
2492,2492,699.0363244436763
2493,2493,743.0386109608747
2494,2494,746.0387668597747
2495,2495,730.0379353989753
2496,2496,675.0350772524771
2497,2497,768.0399101183739
2498,2498,804.0417809051727
2499,2499,830.0431320289719
2500,2500,790.0410533769732
2501,2501,754.0391825901744
2502,2502,720.0374157359755
2503,2503,701.0364283762763
2504,2504,678.035233151377
2505,2505,642.0333623645782
2506,2506,584.0303483191802
2507,2507,559.0290491616811
2508,2508,539.0280098356817
2509,2509,536.0278539367819
2510,2510,565.0293609594809
2511,2511,598.0310758473797
2512,2512,605.0314396114794
2513,2513,615.0319592744792
2514,2514,596.0309719147798
2515,2515,582.0302443865803
2516,2516,584.0303483191802
2517,2517,613.0318553418792
2518,2518,621.032271072279
2519,2519,791.0411053432731
2520,2520,807.0419368040726
2521,2521,729.0378834326752
2522,2522,682.0354410165769
2523,2523,659.0342457916777
2524,2524,634.0329466341785
2525,2525,594.0308679821799
2526,2526,561.029153094281
2527,2527,548.0284775323814
2528,2528,561.029153094281
2529,2529,569.0295688246807
2530,2530,603.0313356788795
2531,2531,646.0335702297781
2532,2532,667.0346615220774
2533,2533,657.0341418590777
2534,2534,656.0340898927777
2535,2535,654.0339859601778
2536,2536,643.0334143308781
2537,2537,639.0332064656783
2538,2538,674.0350252861771
2539,2539,682.0354410165769
2540,2540,664.0345056231774
2541,2541,678.035233151377
2542,2542,692.0359606795765
2543,2543,725.0376755674754
2544,2544,759.0394424216743
2545,2545,735.038195230475
2546,2546,747.0388188260747
2547,2547,713.0370519718758
2548,2548,693.0360126458764
2549,2549,669.0347654546773
2550,2550,631.0327907352786
2551,2551,643.0334143308781
2552,2552,586.0304522517802
2553,2553,607.0315435440795
2554,2554,574.0298286561805
2555,2555,674.0350252861771
2556,2556,704.0365842751761
2557,2557,726.0377275337754
2558,2558,718.0373118033756
2559,2559,698.0362724773763
2560,2560,763.0396502868741
2561,2561,794.041261242173
2562,2562,752.0390786575745
2563,2563,695.0361165784764
2564,2564,659.0342457916777
2565,2565,646.0335702297781
2566,2566,622.0323230385789
2567,2567,593.0308160158799
2568,2568,587.0305042180801
2569,2569,569.0295688246807
2570,2570,684.0355449491768
2571,2571,687.0357008480767
2572,2572,741.0385070282748
2573,2573,761.0395463542742
2574,2574,748.0388707923746
2575,2575,713.0370519718758
2576,2576,724.0376236011755
2577,2577,708.036792140376
2578,2578,725.0376755674754
2579,2579,729.0378834326752
2580,2580,685.0355969154767
2581,2581,680.035337083977
2582,2582,651.0338300612779
2583,2583,661.0343497242776
2584,2584,675.0350772524771
2585,2585,696.0361685447764
2586,2586,690.0358567469766
2587,2587,695.0361165784764
2588,2588,726.0377275337754
2589,2589,757.0393384890743
2590,2590,744.0386629271748
2591,2591,708.036792140376
2592,2592,669.0347654546773
2593,2593,621.032271072279
2594,2594,565.0293609594809
2595,2595,561.029153094281
2596,2596,583.0302963528802
2597,2597,583.0302963528802
2598,2598,558.0289971953811
2599,2599,727.0377795000753
2600,2600,777.0403778150736
2601,2601,794.041261242173
2602,2602,816.0424045007724
2603,2603,797.041417141073
2604,2604,766.039806185774
2605,2605,755.0392345564744
2606,2606,754.0391825901744
2607,2607,701.0364283762763
2608,2608,690.0358567469766
2609,2609,690.0358567469766
2610,2610,696.0361685447764
2611,2611,720.0374157359755
2612,2612,694.0360646121765
2613,2613,728.0378314663753
2614,2614,717.0372598370757
2615,2615,666.0346095557774
2616,2616,650.033778094978
2617,2617,619.032167139679
2618,2618,591.0307120832799
2619,2619,554.0287893301812
2620,2620,554.0287893301812
2621,2621,593.0308160158799
2622,2622,618.032115173379
2623,2623,586.0304522517802
2624,2624,574.0298286561805
2625,2625,579.0300884876804
2626,2626,592.03076404958
2627,2627,581.0301924202803
2628,2628,560.029101127981
2629,2629,521.0270744422824
2630,2630,515.0267626444826
2631,2631,517.0268665770825
2632,2632,567.0294648920808
2633,2633,596.0309719147798
2634,2634,690.0358567469766
2635,2635,728.0378314663753
2636,2636,694.0360646121765
2637,2637,673.0349733198772
2638,2638,651.0338300612779
2639,2639,659.0342457916777
2640,2640,634.0329466341785
2641,2641,628.0326348363786
2642,2642,654.0339859601778
2643,2643,671.0348693872772
2644,2644,652.0338820275779
2645,2645,647.033622196078
2646,2646,638.0331544993784
2647,2647,635.0329986004784
2648,2648,642.0333623645782
2649,2649,632.0328427015786
2650,2650,632.0328427015786
2651,2651,614.0319073081791
2652,2652,590.03066011698
2653,2653,594.0308679821799
2654,2654,594.0308679821799
2655,2655,587.0305042180801
2656,2656,575.0298806224805
2657,2657,585.0304002854801
2658,2658,628.0326348363786
2659,2659,606.0314915777794
2660,2660,574.0298286561805
2661,2661,592.03076404958
2662,2662,585.0304002854801
2663,2663,578.0300365213803
2664,2664,557.028945229081
2665,2665,572.0297247235806
2666,2666,566.0294129257808
2667,2667,590.03066011698
2668,2668,581.0301924202803
2669,2669,608.0315955103794
2670,2670,631.0327907352786
2671,2671,659.0342457916777
2672,2672,648.033674162378
2673,2673,648.033674162378
2674,2674,649.0337261286779
2675,2675,654.0339859601778
2676,2676,670.0348174209772
2677,2677,685.0355969154767
2678,2678,682.0354410165769
2679,2679,679.035285117677
2680,2680,657.0341418590777
2681,2681,664.0345056231774
2682,2682,657.0341418590777
2683,2683,649.0337261286779
2684,2684,668.0347134883773
2685,2685,690.0358567469766
2686,2686,676.0351292187771
2687,2687,668.0347134883773
2688,2688,638.0331544993784
2689,2689,651.0338300612779
2690,2690,658.0341938253777
2691,2691,635.0329986004784
2692,2692,646.0335702297781
2693,2693,662.0344016905775
2694,2694,696.0361685447764
2695,2695,677.035181185077
2696,2696,655.0340379264778
2697,2697,642.0333623645782
2698,2698,659.0342457916777
2699,2699,677.035181185077
2700,2700,697.0362205110763
2701,2701,690.0358567469766
2702,2702,650.033778094978
2703,2703,639.0332064656783
2704,2704,642.0333623645782
2705,2705,659.0342457916777
2706,2706,672.0349213535771
2707,2707,688.0357528143767
2708,2708,695.0361165784764
2709,2709,658.0341938253777
2710,2710,637.0331025330784
2711,2711,618.032115173379
2712,2712,620.0322191059789
2713,2713,648.033674162378
2714,2714,664.0345056231774
2715,2715,662.0344016905775
2716,2716,651.0338300612779
2717,2717,631.0327907352786
2718,2718,622.0323230385789
2719,2719,594.0308679821799
2720,2720,586.0304522517802
2721,2721,567.0294648920808
2722,2722,596.0309719147798
2723,2723,594.0308679821799
2724,2724,600.0311797799797
2725,2725,627.0325828700787
2726,2726,619.032167139679
2727,2727,621.032271072279
2728,2728,623.0323750048789
2729,2729,680.035337083977
2730,2730,712.0370000055758
2731,2731,658.0341938253777
2732,2732,633.0328946678785
2733,2733,592.03076404958
2734,2734,611.0317514092793
2735,2735,621.032271072279
2736,2736,640.0332584319783
2737,2737,669.0347654546773
2738,2738,675.0350772524771
2739,2739,678.035233151377
2740,2740,645.0335182634781
2741,2741,588.0305561843801
2742,2742,559.0290491616811
2743,2743,529.0274901726821
2744,2744,508.02639888038277
2745,2745,496.02577528478315
2746,2746,501.026035116283
2747,2747,500.025983149983
2748,2748,494.0256713521832
2749,2749,489.0254115206834
2750,2750,493.02561938588326
2751,2751,492.0255674195833
2752,2752,491.02551545328333
2753,2753,496.02577528478315
2754,2754,498.0258792173831
2755,2755,493.02561938588326
2756,2756,482.02504775658366
2757,2757,482.02504775658366
2758,2758,482.02504775658366
2759,2759,484.0251516891836
2760,2760,484.0251516891836
2761,2761,478.0248398913838
2762,2762,473.02458005988393
2763,2763,474.0246320261839
2764,2764,472.02452809358397
2765,2765,472.02452809358397
2766,2766,475.02468399248386
2767,2767,478.0248398913838
2768,2768,480.02494382398373
2769,2769,475.02468399248386
2770,2770,466.0242162957842
2771,2771,466.0242162957842
2772,2772,540.0280618019817
2773,2773,630.0327387689787
2774,2774,627.0325828700787
2775,2775,641.0333103982782
2776,2776,678.035233151377
2777,2777,667.0346615220774
2778,2778,645.0335182634781
2779,2779,601.0312317462796
2780,2780,582.0302443865803
2781,2781,578.0300365213803
2782,2782,592.03076404958
2783,2783,670.0348174209772
2784,2784,657.0341418590777
2785,2785,665.0345575894775
2786,2786,690.0358567469766
2787,2787,704.0365842751761
2788,2788,674.0350252861771
2789,2789,630.0327387689787
2790,2790,616.0320112407791
2791,2791,595.0309199484798
2792,2792,590.03066011698
2793,2793,643.0334143308781
2794,2794,665.0345575894775
2795,2795,666.0346095557774
2796,2796,660.0342977579776
2797,2797,646.0335702297781
2798,2798,645.0335182634781
2799,2799,656.0340898927777
2800,2800,665.0345575894775
2801,2801,657.0341418590777
2802,2802,660.0342977579776
2803,2803,647.033622196078
2804,2804,633.0328946678785
2805,2805,614.0319073081791
2806,2806,614.0319073081791
2807,2807,645.0335182634781
2808,2808,640.0332584319783
2809,2809,618.032115173379
2810,2810,599.0311278136796
2811,2811,557.028945229081
2812,2812,528.027438206382
2813,2813,510.0265028129827
2814,2814,507.0263469140828
2815,2815,506.02629494778284
2816,2816,496.02577528478315
2817,2817,493.02561938588326
2818,2818,479.02489185768377
2819,2819,473.02458005988393
2820,2820,470.02442416098404
2821,2821,471.024476127284
2822,2822,470.02442416098404
2823,2823,476.0247359587838
2824,2824,479.02489185768377
2825,2825,483.0250997228836
2826,2826,485.02520365548355
2827,2827,486.0252556217835
2828,2828,477.0247879250838
2829,2829,474.0246320261839
2830,2830,470.02442416098404
2831,2831,464.02411236318426
2832,2832,459.02385253168444
2833,2833,456.02369663278455
2834,2834,462.02400843058433
2835,2835,462.02400843058433
2836,2836,461.02395646428437
2837,2837,460.0239044979844
2838,2838,458.0238005653845
2839,2839,460.0239044979844
2840,2840,459.02385253168444
2841,2841,461.02395646428437
2842,2842,462.02400843058433
2843,2843,465.0241643294842
2844,2844,467.02426826208415
2845,2845,472.02452809358397
2846,2846,476.0247359587838
2847,2847,469.0243721946841
2848,2848,469.0243721946841
2849,2849,469.0243721946841
2850,2850,471.024476127284
2851,2851,473.02458005988393
2852,2852,474.0246320261839
2853,2853,474.0246320261839
2854,2854,465.0241643294842
2855,2855,459.02385253168444
2856,2856,465.0241643294842
2857,2857,468.0243202283841
2858,2858,461.02395646428437
2859,2859,449.02333286868475
2860,2860,461.02395646428437
2861,2861,501.026035116283
2862,2862,560.029101127981
2863,2863,625.0324789374788
2864,2864,662.0344016905775
2865,2865,703.0365323088762
2866,2866,719.0373637696756
2867,2867,720.0374157359755
2868,2868,672.0349213535771
2869,2869,609.0316474766794
2870,2870,534.0277500041818
2871,2871,533.0276980378819
2872,2872,529.0274901726821
2873,2873,562.0292050605809
2874,2874,568.0295168583807
2875,2875,637.0331025330784
2876,2876,628.0326348363786
2877,2877,603.0313356788795
2878,2878,582.0302443865803
2879,2879,566.0294129257808
2880,2880,546.0283735997815
2881,2881,551.0286334312813
2882,2882,585.0304002854801
2883,2883,580.0301404539803
2884,2884,560.029101127981
2885,2885,526.0273342737821
2886,2886,505.0262429814829
2887,2887,512.0266067455826
2888,2888,518.0269185433824
2889,2889,515.0267626444826
2890,2890,525.0272823074822
2891,2891,508.02639888038277
2892,2892,502.026087082583
2893,2893,514.0267106781826
2894,2894,551.0286334312813
2895,2895,578.0300365213803
2896,2896,651.0338300612779
2897,2897,653.0339339938779
2898,2898,658.0341938253777
2899,2899,652.0338820275779
2900,2900,644.0334662971782
2901,2901,668.0347134883773
2902,2902,666.0346095557774
2903,2903,684.0355449491768
2904,2904,665.0345575894775
2905,2905,664.0345056231774
2906,2906,624.0324269711788
2907,2907,619.032167139679
2908,2908,589.03060815068
2909,2909,560.029101127981
2910,2910,531.027594105282
2911,2911,509.02645084668274
2912,2912,505.0262429814829
2913,2913,490.02546348698337
2914,2914,485.02520365548355
2915,2915,478.0248398913838
2916,2916,475.02468399248386
2917,2917,475.02468399248386
2918,2918,471.024476127284
2919,2919,467.02426826208415
2920,2920,460.0239044979844
2921,2921,461.02395646428437
2922,2922,459.02385253168444
2923,2923,456.02369663278455
2924,2924,452.02348876758464
2925,2925,449.02333286868475
2926,2926,447.0232289360848
2927,2927,448.0232809023848
2928,2928,450.0233848349847
2929,2929,452.02348876758464
2930,2930,450.0233848349847
2931,2931,450.0233848349847
2932,2932,450.0233848349847
2933,2933,445.0231250034849
2934,2934,434.0225533741853
2935,2935,432.02244944158537
2936,2936,429.0222935426854
2937,2937,433.02250140788533
2938,2938,437.0227092730852
2939,2939,445.0231250034849
2940,2940,458.0238005653845
2941,2941,472.02452809358397
2942,2942,478.0248398913838
2943,2943,478.0248398913838
2944,2944,475.02468399248386
2945,2945,474.0246320261839
2946,2946,474.0246320261839
2947,2947,484.0251516891836
2948,2948,486.0252556217835
2949,2949,480.02494382398373
2950,2950,487.0253075880835
2951,2951,487.0253075880835
2952,2952,484.0251516891836
2953,2953,477.0247879250838
2954,2954,470.02442416098404
2955,2955,467.02426826208415
2956,2956,456.02369663278455
2957,2957,450.0233848349847
2958,2958,449.02333286868475
2959,2959,445.0231250034849
2960,2960,444.02307303718493
2961,2961,472.02452809358397
2962,2962,535.0278019704818
2963,2963,534.0277500041818
2964,2964,548.0284775323814
2965,2965,537.0279059030818
2966,2966,533.0276980378819
2967,2967,526.0273342737821
2968,2968,490.02546348698337
2969,2969,498.0258792173831
2970,2970,502.026087082583
2971,2971,500.025983149983
2972,2972,524.0272303411822
2973,2973,549.0285294986813
2974,2974,538.0279578693818
2975,2975,532.0276460715819
2976,2976,510.0265028129827
2977,2977,486.0252556217835
2978,2978,483.0250997228836
2979,2979,479.02489185768377
2980,2980,472.02452809358397
2981,2981,470.02442416098404
2982,2982,468.0243202283841
2983,2983,460.0239044979844
2984,2984,465.0241643294842
2985,2985,464.02411236318426
2986,2986,469.0243721946841
2987,2987,467.02426826208415
2988,2988,468.0243202283841
2989,2989,469.0243721946841
2990,2990,469.0243721946841
2991,2991,464.02411236318426
2992,2992,464.02411236318426
2993,2993,464.02411236318426
2994,2994,469.0243721946841
2995,2995,468.0243202283841
2996,2996,463.0240603968843
2997,2997,450.0233848349847
2998,2998,441.02291713828504
2999,2999,433.02250140788533
3000,3000,442.022969104585
3001,3001,471.024476127284
3002,3002,512.0266067455826
3003,3003,530.027542138982
3004,3004,546.0283735997815
3005,3005,564.0293089931808
3006,3006,545.0283216334815
3007,3007,523.0271783748823
3008,3008,500.025983149983
3009,3009,474.0246320261839
3010,3010,483.0250997228836
3011,3011,486.0252556217835
3012,3012,479.02489185768377
3013,3013,476.0247359587838
3014,3014,475.02468399248386
3015,3015,474.0246320261839
3016,3016,457.0237485990845
3017,3017,458.0238005653845
3018,3018,463.0240603968843
3019,3019,463.0240603968843
3020,3020,484.0251516891836
3021,3021,535.0278019704818
3022,3022,553.0287373638812
3023,3023,554.0287893301812
3024,3024,536.0278539367819
3025,3025,517.0268665770825
3026,3026,494.0256713521832
3027,3027,485.02520365548355
3028,3028,488.02535955438344
3029,3029,480.02494382398373
3030,3030,484.0251516891836
3031,3031,483.0250997228836
3032,3032,490.02546348698337
3033,3033,492.0255674195833
3034,3034,492.0255674195833
3035,3035,492.0255674195833
3036,3036,492.0255674195833
3037,3037,500.025983149983
3038,3038,498.0258792173831
3039,3039,498.0258792173831
3040,3040,497.0258272510831
3041,3041,498.0258792173831
3042,3042,498.0258792173831
3043,3043,498.0258792173831
3044,3044,492.0255674195833
3045,3045,496.02577528478315
3046,3046,493.02561938588326
3047,3047,498.0258792173831
3048,3048,492.0255674195833
3049,3049,498.0258792173831
3050,3050,492.0255674195833
3051,3051,493.02561938588326
3052,3052,502.026087082583
3053,3053,505.0262429814829
3054,3054,502.026087082583
3055,3055,510.0265028129827
3056,3056,511.02655477928266
3057,3057,525.0272823074822
3058,3058,525.0272823074822
3059,3059,516.0268146107825
3060,3060,507.0263469140828
3061,3061,523.0271783748823
3062,3062,520.0270224759823
3063,3063,530.027542138982
3064,3064,535.0278019704818
3065,3065,539.0280098356817
3066,3066,540.0280618019817
3067,3067,531.027594105282
3068,3068,534.0277500041818
3069,3069,519.0269705096824
3070,3070,496.02577528478315
3071,3071,497.0258272510831
3072,3072,506.02629494778284
3073,3073,517.0268665770825
3074,3074,536.0278539367819
3075,3075,546.0283735997815
3076,3076,558.0289971953811
3077,3077,558.0289971953811
3078,3078,548.0284775323814
3079,3079,546.0283735997815
3080,3080,551.0286334312813
3081,3081,554.0287893301812
3082,3082,553.0287373638812
3083,3083,550.0285814649814
3084,3084,552.0286853975813
3085,3085,558.0289971953811
3086,3086,557.028945229081
3087,3087,556.0288932627811
3088,3088,541.0281137682816
3089,3089,538.0279578693818
3090,3090,532.0276460715819
3091,3091,552.0286853975813
3092,3092,563.0292570268809
3093,3093,573.0297766898806
3094,3094,574.0298286561805
3095,3095,589.03060815068
3096,3096,587.0305042180801
3097,3097,578.0300365213803
3098,3098,566.0294129257808
3099,3099,552.0286853975813
3100,3100,543.0282177008816
3101,3101,540.0280618019817
3102,3102,549.0285294986813
3103,3103,553.0287373638812
3104,3104,548.0284775323814
3105,3105,542.0281657345816
3106,3106,546.0283735997815
3107,3107,532.0276460715819
3108,3108,551.0286334312813
3109,3109,547.0284255660814
3110,3110,524.0272303411822
3111,3111,500.025983149983
3112,3112,494.0256713521832
3113,3113,494.0256713521832
3114,3114,503.02613904888295
3115,3115,526.0273342737821
3116,3116,544.0282696671816
3117,3117,560.029101127981
3118,3118,579.0300884876804
3119,3119,587.0305042180801
3120,3120,598.0310758473797
3121,3121,619.032167139679
3122,3122,637.0331025330784
3123,3123,628.0326348363786
3124,3124,607.0315435440795
3125,3125,592.03076404958
3126,3126,589.03060815068
3127,3127,594.0308679821799
3128,3128,578.0300365213803
3129,3129,573.0297766898806
3130,3130,569.0295688246807
3131,3131,567.0294648920808
3132,3132,545.0283216334815
3133,3133,515.0267626444826
3134,3134,500.025983149983
3135,3135,518.0269185433824
3136,3136,527.0273862400821
3137,3137,542.0281657345816
3138,3138,569.0295688246807
3139,3139,585.0304002854801
3140,3140,618.032115173379
3141,3141,624.0324269711788
3142,3142,631.0327907352786
3143,3143,637.0331025330784
3144,3144,646.0335702297781
3145,3145,638.0331544993784
3146,3146,623.0323750048789
3147,3147,608.0315955103794
3148,3148,591.0307120832799
3149,3149,574.0298286561805
3150,3150,533.0276980378819
3151,3151,508.02639888038277
3152,3152,518.0269185433824
3153,3153,528.027438206382
3154,3154,546.0283735997815
3155,3155,579.0300884876804
3156,3156,598.0310758473797
3157,3157,619.032167139679
3158,3158,610.0316994429793
3159,3159,610.0316994429793
3160,3160,612.0318033755792
3161,3161,622.0323230385789
3162,3162,621.032271072279
3163,3163,624.0324269711788
3164,3164,629.0326868026787
3165,3165,634.0329466341785
3166,3166,627.0325828700787
3167,3167,618.032115173379
3168,3168,616.0320112407791
3169,3169,623.0323750048789
3170,3170,614.0319073081791
3171,3171,591.0307120832799
3172,3172,583.0302963528802
3173,3173,576.0299325887804
3174,3174,574.0298286561805
3175,3175,576.0299325887804
3176,3176,582.0302443865803
3177,3177,586.0304522517802
3178,3178,594.0308679821799
3179,3179,599.0311278136796
3180,3180,604.0313876451795
3181,3181,600.0311797799797
3182,3182,596.0309719147798
3183,3183,606.0314915777794
3184,3184,608.0315955103794
3185,3185,589.03060815068
3186,3186,578.0300365213803
3187,3187,576.0299325887804
3188,3188,581.0301924202803
3189,3189,591.0307120832799
3190,3190,599.0311278136796
3191,3191,602.0312837125796
3192,3192,609.0316474766794
3193,3193,603.0313356788795
3194,3194,603.0313356788795
3195,3195,608.0315955103794
3196,3196,595.0309199484798
3197,3197,599.0311278136796
3198,3198,610.0316994429793
3199,3199,623.0323750048789
3200,3200,633.0328946678785
3201,3201,632.0328427015786
3202,3202,636.0330505667785
3203,3203,631.0327907352786
3204,3204,621.032271072279
3205,3205,614.0319073081791
3206,3206,601.0312317462796
3207,3207,602.0312837125796
3208,3208,597.0310238810797
3209,3209,594.0308679821799
3210,3210,585.0304002854801
3211,3211,586.0304522517802
3212,3212,581.0301924202803
3213,3213,576.0299325887804
3214,3214,574.0298286561805
3215,3215,576.0299325887804
3216,3216,577.0299845550804
3217,3217,597.0310238810797
3218,3218,600.0311797799797
3219,3219,609.0316474766794
3220,3220,614.0319073081791
3221,3221,626.0325309037787
3222,3222,629.0326868026787
3223,3223,617.0320632070791
3224,3224,613.0318553418792
3225,3225,601.0312317462796
3226,3226,596.0309719147798
3227,3227,594.0308679821799
3228,3228,592.03076404958
3229,3229,594.0308679821799
3230,3230,597.0310238810797
3231,3231,602.0312837125796
3232,3232,594.0308679821799
3233,3233,587.0305042180801
3234,3234,589.03060815068
3235,3235,596.0309719147798
3236,3236,599.0311278136796
3237,3237,606.0314915777794
3238,3238,607.0315435440795
3239,3239,611.0317514092793
3240,3240,609.0316474766794
3241,3241,596.0309719147798
3242,3242,594.0308679821799
3243,3243,589.03060815068
3244,3244,585.0304002854801
3245,3245,576.0299325887804
3246,3246,574.0298286561805
3247,3247,568.0295168583807
3248,3248,555.0288412964811
3249,3249,540.0280618019817
3250,3250,515.0267626444826
3251,3251,505.0262429814829
3252,3252,503.02613904888295
3253,3253,499.02593118368304
3254,3254,500.025983149983
3255,3255,510.0265028129827
3256,3256,526.0273342737821
3257,3257,548.0284775323814
3258,3258,534.0277500041818
3259,3259,532.0276460715819
3260,3260,554.0287893301812
3261,3261,570.0296207909806
3262,3262,583.0302963528802
3263,3263,576.0299325887804
3264,3264,558.0289971953811
3265,3265,575.0298806224805
3266,3266,580.0301404539803
3267,3267,572.0297247235806
3268,3268,552.0286853975813
3269,3269,549.0285294986813
3270,3270,547.0284255660814
3271,3271,550.0285814649814
3272,3272,549.0285294986813
3273,3273,538.0279578693818
3274,3274,530.027542138982
